dataset,multiclass,smoke,n_full,n_used,subsampled,split_type,seed,k,model,accuracy,auroc,f1,n_train,n_test,pos_frac_train,pos_frac_test,target_test_frac
human_nontata_promoters,False,False,36131,20000,True,original,-1,4,LR,0.8234353129374126,0.8942181344577909,0.8289091261383453,14999,5001,0.5440362690846057,0.5440911817636472,0.25005
human_nontata_promoters,False,False,36131,20000,True,original,-1,4,RF,0.8604279144171165,0.9573528179139507,0.8600641539695268,14999,5001,0.5440362690846057,0.5440911817636472,0.25005
human_nontata_promoters,False,False,36131,20000,True,original,-1,6,LR,0.8618276344731054,0.9268960714907445,0.8656426210383045,14999,5001,0.5440362690846057,0.5440911817636472,0.25005
human_nontata_promoters,False,False,36131,20000,True,original,-1,6,RF,0.8936212757448511,0.9782363617607046,0.8961343225302616,14999,5001,0.5440362690846057,0.5440911817636472,0.25005
human_nontata_promoters,False,False,36131,20000,True,random,0,4,LR,0.8254349130173965,0.8990356035255356,0.8290581554728803,14999,5001,0.5440362690846057,0.5440911817636472,0.25005
human_nontata_promoters,False,False,36131,20000,True,random,0,4,RF,0.8610277944411118,0.9634194246181422,0.8591691995947315,14999,5001,0.5440362690846057,0.5440911817636472,0.25005
human_nontata_promoters,False,False,36131,20000,True,random,0,6,LR,0.8562287542491501,0.928421246058918,0.8592128451145487,14999,5001,0.5440362690846057,0.5440911817636472,0.25005
human_nontata_promoters,False,False,36131,20000,True,random,0,6,RF,0.8960207958408318,0.979454389833459,0.8981989036805011,14999,5001,0.5440362690846057,0.5440911817636472,0.25005
human_nontata_promoters,False,False,36131,20000,True,random,1,4,LR,0.8170365926814637,0.8922551693456353,0.8204121687929342,14999,5001,0.5440362690846057,0.5440911817636472,0.25005
human_nontata_promoters,False,False,36131,20000,True,random,1,4,RF,0.8578284343131374,0.959404679007331,0.8554584265094531,14999,5001,0.5440362690846057,0.5440911817636472,0.25005
human_nontata_promoters,False,False,36131,20000,True,random,1,6,LR,0.8542291541691661,0.9268204736390775,0.856241372510353,14999,5001,0.5440362690846057,0.5440911817636472,0.25005
human_nontata_promoters,False,False,36131,20000,True,random,1,6,RF,0.8902219556088782,0.979705684184736,0.8918226600985222,14999,5001,0.5440362690846057,0.5440911817636472,0.25005
human_nontata_promoters,False,False,36131,20000,True,random,2,4,LR,0.8164367126574685,0.8870041006595872,0.8214702450408401,14999,5001,0.5440362690846057,0.5440911817636472,0.25005
human_nontata_promoters,False,False,36131,20000,True,random,2,4,RF,0.861627674465107,0.9602437506850552,0.860540104796453,14999,5001,0.5440362690846057,0.5440911817636472,0.25005
human_nontata_promoters,False,False,36131,20000,True,random,2,6,LR,0.8568286342731454,0.9255585214414205,0.8599374021909233,14999,5001,0.5440362690846057,0.5440911817636472,0.25005
human_nontata_promoters,False,False,36131,20000,True,random,2,6,RF,0.8992201559688062,0.9809885910107867,0.9012152097216778,14999,5001,0.5440362690846057,0.5440911817636472,0.25005
human_nontata_promoters,False,False,36131,20000,True,homology@0.5,0,4,LR,0.8106757297081167,0.8823193242162658,0.8167924163281098,14998,5002,0.544072543005734,0.5439824070371851,0.25005
human_nontata_promoters,False,False,36131,20000,True,homology@0.5,0,4,RF,0.789484206317473,0.8763522095265992,0.8026981450252951,14998,5002,0.544072543005734,0.5439824070371851,0.25005
human_nontata_promoters,False,False,36131,20000,True,homology@0.5,0,6,LR,0.8044782087165134,0.8861162494576339,0.8185528756957329,14998,5002,0.544072543005734,0.5439824070371851,0.25005
human_nontata_promoters,False,False,36131,20000,True,homology@0.5,0,6,RF,0.7534986005597761,0.8780819807814294,0.7916877850988343,14998,5002,0.544072543005734,0.5439824070371851,0.25005
human_nontata_promoters,False,False,36131,20000,True,homology@0.5,1,4,LR,0.8051507286883609,0.8805054509988357,0.8138115223197253,14991,5009,0.5443265959575746,0.5432222000399282,0.25005
human_nontata_promoters,False,False,36131,20000,True,homology@0.5,1,4,RF,0.7937712118187263,0.8767456817346564,0.8068797906150682,14991,5009,0.5443265959575746,0.5432222000399282,0.25005
human_nontata_promoters,False,False,36131,20000,True,homology@0.5,1,6,LR,0.8059492912757037,0.8887786460140373,0.8214548126377663,14991,5009,0.5443265959575746,0.5432222000399282,0.25005
human_nontata_promoters,False,False,36131,20000,True,homology@0.5,1,6,RF,0.7656218806148932,0.8807267934197371,0.8003401360544218,14991,5009,0.5443265959575746,0.5432222000399282,0.25005
human_nontata_promoters,False,False,36131,20000,True,homology@0.5,2,4,LR,0.8316673330667733,0.9006475525009583,0.8357393679282091,14998,5002,0.544072543005734,0.5439824070371851,0.25005
human_nontata_promoters,False,False,36131,20000,True,homology@0.5,2,4,RF,0.8082766893242703,0.8892877921425915,0.8215813953488372,14998,5002,0.544072543005734,0.5439824070371851,0.25005
human_nontata_promoters,False,False,36131,20000,True,homology@0.5,2,6,LR,0.8276689324270292,0.9049966318118403,0.8397173670509483,14998,5002,0.544072543005734,0.5439824070371851,0.25005
human_nontata_promoters,False,False,36131,20000,True,homology@0.5,2,6,RF,0.7838864454218313,0.8948976259308437,0.813909450852126,14998,5002,0.544072543005734,0.5439824070371851,0.25005
human_nontata_promoters,False,False,36131,20000,True,homology@0.7,0,4,LR,0.8254698120751699,0.8954200535848849,0.8295254833040422,14998,5002,0.544072543005734,0.5439824070371851,0.25005
human_nontata_promoters,False,False,36131,20000,True,homology@0.7,0,4,RF,0.8296681327469012,0.9059630222725772,0.8343701399688958,14998,5002,0.544072543005734,0.5439824070371851,0.25005
human_nontata_promoters,False,False,36131,20000,True,homology@0.7,0,6,LR,0.8418632546981207,0.9106565735416212,0.8480307396733909,14998,5002,0.544072543005734,0.5439824070371851,0.25005
human_nontata_promoters,False,False,36131,20000,True,homology@0.7,0,6,RF,0.8408636545381847,0.9298585489867964,0.852810650887574,14998,5002,0.544072543005734,0.5439824070371851,0.25005
human_nontata_promoters,False,False,36131,20000,True,homology@0.7,1,4,LR,0.816673330667733,0.8888696083411838,0.8230754389349797,14998,5002,0.544072543005734,0.5439824070371851,0.25005
human_nontata_promoters,False,False,36131,20000,True,homology@0.7,1,4,RF,0.8144742103158736,0.8992749010287594,0.8228331424207713,14998,5002,0.544072543005734,0.5439824070371851,0.25005
human_nontata_promoters,False,False,36131,20000,True,homology@0.7,1,6,LR,0.8338664534186325,0.9077340399358684,0.8419851682829436,14998,5002,0.544072543005734,0.5439824070371851,0.25005
human_nontata_promoters,False,False,36131,20000,True,homology@0.7,1,6,RF,0.824470211915234,0.9223716813760059,0.840826686004351,14998,5002,0.544072543005734,0.5439824070371851,0.25005
human_nontata_promoters,False,False,36131,20000,True,homology@0.7,2,4,LR,0.8150739704118353,0.8958114111089145,0.8207016863733282,14998,5002,0.544072543005734,0.5439824070371851,0.25005
human_nontata_promoters,False,False,36131,20000,True,homology@0.7,2,4,RF,0.8276689324270292,0.8993008411528307,0.8325563325563325,14998,5002,0.544072543005734,0.5439824070371851,0.25005
human_nontata_promoters,False,False,36131,20000,True,homology@0.7,2,6,LR,0.8278688524590164,0.9070431625941477,0.8373323257132061,14998,5002,0.544072543005734,0.5439824070371851,0.25005
human_nontata_promoters,False,False,36131,20000,True,homology@0.7,2,6,RF,0.8386645341863255,0.9249693995151291,0.8523330283623056,14998,5002,0.544072543005734,0.5439824070371851,0.25005
human_nontata_promoters,False,False,36131,20000,True,homology@0.9,0,4,LR,0.8194722111155538,0.8885863615205811,0.8242164687560833,14998,5002,0.544072543005734,0.5439824070371851,0.25005
human_nontata_promoters,False,False,36131,20000,True,homology@0.9,0,4,RF,0.8474610155937625,0.9436506390534851,0.8483402902007553,14998,5002,0.544072543005734,0.5439824070371851,0.25005
human_nontata_promoters,False,False,36131,20000,True,homology@0.9,0,6,LR,0.8534586165533786,0.9235027352330205,0.8568079703067005,14998,5002,0.544072543005734,0.5439824070371851,0.25005
human_nontata_promoters,False,False,36131,20000,True,homology@0.9,0,6,RF,0.8842463014794082,0.9711178469503678,0.8876818622696411,14998,5002,0.544072543005734,0.5439824070371851,0.25005
human_nontata_promoters,False,False,36131,20000,True,homology@0.9,1,4,LR,0.8217782217782218,0.896113512918592,0.8262563303467082,14995,5005,0.5441813937979326,0.5436563436563436,0.25005
human_nontata_promoters,False,False,36131,20000,True,homology@0.9,1,4,RF,0.8463536463536464,0.9420568504290749,0.8478733926805143,14995,5005,0.5441813937979326,0.5436563436563436,0.25005
human_nontata_promoters,False,False,36131,20000,True,homology@0.9,1,6,LR,0.852947052947053,0.9235044162578016,0.8576952822892498,14995,5005,0.5441813937979326,0.5436563436563436,0.25005
human_nontata_promoters,False,False,36131,20000,True,homology@0.9,1,6,RF,0.8799200799200799,0.9673336751001326,0.8839544313574049,14995,5005,0.5441813937979326,0.5436563436563436,0.25005
human_nontata_promoters,False,False,36131,20000,True,homology@0.9,2,4,LR,0.8276689324270292,0.8949776214066283,0.8322304398598677,14998,5002,0.544072543005734,0.5439824070371851,0.25005
human_nontata_promoters,False,False,36131,20000,True,homology@0.9,2,4,RF,0.8526589364254298,0.9434089608789094,0.8532749352976309,14998,5002,0.544072543005734,0.5439824070371851,0.25005
human_nontata_promoters,False,False,36131,20000,True,homology@0.9,2,6,LR,0.8548580567772891,0.9249265419188376,0.8591931730023273,14998,5002,0.544072543005734,0.5439824070371851,0.25005
human_nontata_promoters,False,False,36131,20000,True,homology@0.9,2,6,RF,0.8778488604558177,0.9671523109025375,0.8823869104908566,14998,5002,0.544072543005734,0.5439824070371851,0.25005
human_nontata_promoters,False,False,36131,20000,True,homology_droplargest@0.7,0,4,LR,0.8113245702730031,0.8833770910504232,0.8206114208805999,14829,4945,0.5502731134938297,0.550252780586451,0.25005
human_nontata_promoters,False,False,36131,20000,True,homology_droplargest@0.7,0,4,RF,0.8149646107178968,0.893695104555826,0.8244772683675426,14829,4945,0.5502731134938297,0.550252780586451,0.25005
human_nontata_promoters,False,False,36131,20000,True,homology_droplargest@0.7,0,6,LR,0.8270980788675429,0.9018156478125108,0.8379761227970438,14829,4945,0.5502731134938297,0.550252780586451,0.25005
human_nontata_promoters,False,False,36131,20000,True,homology_droplargest@0.7,0,6,RF,0.8175935288169869,0.9190433485626052,0.8372428726091664,14829,4945,0.5502731134938297,0.550252780586451,0.25005
human_nontata_promoters,False,False,36131,20000,True,homology_droplargest@0.7,1,4,LR,0.8185858585858586,0.8912619707246812,0.825833979829325,14824,4950,0.5504587155963303,0.5496969696969697,0.25005
human_nontata_promoters,False,False,36131,20000,True,homology_droplargest@0.7,1,4,RF,0.816969696969697,0.8998773146533723,0.8259031514219831,14824,4950,0.5504587155963303,0.5496969696969697,0.25005
human_nontata_promoters,False,False,36131,20000,True,homology_droplargest@0.7,1,6,LR,0.8298989898989899,0.9069688607410024,0.8404094010614102,14824,4950,0.5504587155963303,0.5496969696969697,0.25005
human_nontata_promoters,False,False,36131,20000,True,homology_droplargest@0.7,1,6,RF,0.8276767676767677,0.9220906005151762,0.8443146559591166,14824,4950,0.5504587155963303,0.5496969696969697,0.25005
human_nontata_promoters,False,False,36131,20000,True,homology_droplargest@0.7,2,4,LR,0.8188068756319514,0.8914902807632615,0.8280890253261703,14829,4945,0.5502731134938297,0.550252780586451,0.25005
human_nontata_promoters,False,False,36131,20000,True,homology_droplargest@0.7,2,4,RF,0.819211324570273,0.9040210499736925,0.8297791317593298,14829,4945,0.5502731134938297,0.550252780586451,0.25005
human_nontata_promoters,False,False,36131,20000,True,homology_droplargest@0.7,2,6,LR,0.8345803842264914,0.9082090997543751,0.845251608021188,14829,4945,0.5502731134938297,0.550252780586451,0.25005
human_nontata_promoters,False,False,36131,20000,True,homology_droplargest@0.7,2,6,RF,0.8321536905965622,0.9240073211552038,0.8506119510439165,14829,4945,0.5502731134938297,0.550252780586451,0.25005
human_enhancers_cohn,False,False,27791,20000,True,original,-1,4,LR,0.731,0.80856752,0.7276776675440373,15000,5000,0.5,0.5,0.25
human_enhancers_cohn,False,False,27791,20000,True,original,-1,4,RF,0.7012,0.7835984,0.6995172968624296,15000,5000,0.5,0.5,0.25
human_enhancers_cohn,False,False,27791,20000,True,original,-1,6,LR,0.7362,0.8103065599999999,0.7320739386552915,15000,5000,0.5,0.5,0.25
human_enhancers_cohn,False,False,27791,20000,True,original,-1,6,RF,0.6934,0.77280704,0.6865671641791045,15000,5000,0.5,0.5,0.25
human_enhancers_cohn,False,False,27791,20000,True,random,0,4,LR,0.7298,0.80765856,0.7243419710263211,15000,5000,0.5,0.5,0.25
human_enhancers_cohn,False,False,27791,20000,True,random,0,4,RF,0.6992,0.7796523200000001,0.6968964127367997,15000,5000,0.5,0.5,0.25
human_enhancers_cohn,False,False,27791,20000,True,random,0,6,LR,0.7256,0.8087390399999999,0.72,15000,5000,0.5,0.5,0.25
human_enhancers_cohn,False,False,27791,20000,True,random,0,6,RF,0.685,0.7642938399999999,0.6750567361254384,15000,5000,0.5,0.5,0.25
human_enhancers_cohn,False,False,27791,20000,True,random,1,4,LR,0.7304,0.8100972799999999,0.7276767676767677,15000,5000,0.5,0.5,0.25
human_enhancers_cohn,False,False,27791,20000,True,random,1,4,RF,0.7096,0.78918808,0.7092511013215859,15000,5000,0.5,0.5,0.25
human_enhancers_cohn,False,False,27791,20000,True,random,1,6,LR,0.7402,0.81568992,0.735921935352714,15000,5000,0.5,0.5,0.25
human_enhancers_cohn,False,False,27791,20000,True,random,1,6,RF,0.6994,0.7718352,0.6940769387339711,15000,5000,0.5,0.5,0.25
human_enhancers_cohn,False,False,27791,20000,True,random,2,4,LR,0.7298,0.80842704,0.7232124564638394,15000,5000,0.5,0.5,0.25
human_enhancers_cohn,False,False,27791,20000,True,random,2,4,RF,0.7042,0.7802004,0.6964908680484301,15000,5000,0.5,0.5,0.25
human_enhancers_cohn,False,False,27791,20000,True,random,2,6,LR,0.7334,0.8097177600000001,0.7262271513657835,15000,5000,0.5,0.5,0.25
human_enhancers_cohn,False,False,27791,20000,True,random,2,6,RF,0.695,0.7696168,0.6860201770640313,15000,5000,0.5,0.5,0.25
human_enhancers_cohn,False,False,27791,20000,True,homology@0.5,0,4,LR,0.7324,0.8141020800000001,0.726827276439363,15000,5000,0.5,0.5,0.25
human_enhancers_cohn,False,False,27791,20000,True,homology@0.5,0,4,RF,0.7074,0.78941384,0.7033056175218009,15000,5000,0.5,0.5,0.25
human_enhancers_cohn,False,False,27791,20000,True,homology@0.5,0,6,LR,0.7392,0.8186808000000001,0.733005733005733,15000,5000,0.5,0.5,0.25
human_enhancers_cohn,False,False,27791,20000,True,homology@0.5,0,6,RF,0.699,0.7718717599999999,0.688212140045577,15000,5000,0.5,0.5,0.25
human_enhancers_cohn,False,False,27791,20000,True,homology@0.5,1,4,LR,0.7424,0.8197708800000001,0.7415730337078652,15000,5000,0.5,0.5,0.25
human_enhancers_cohn,False,False,27791,20000,True,homology@0.5,1,4,RF,0.7182,0.79539184,0.7210453375569195,15000,5000,0.5,0.5,0.25
human_enhancers_cohn,False,False,27791,20000,True,homology@0.5,1,6,LR,0.744,0.8221859200000001,0.7447147985640208,15000,5000,0.5,0.5,0.25
human_enhancers_cohn,False,False,27791,20000,True,homology@0.5,1,6,RF,0.7052,0.78146976,0.7000407000407001,15000,5000,0.5,0.5,0.25
human_enhancers_cohn,False,False,27791,20000,True,homology@0.5,2,4,LR,0.7392,0.8205710399999999,0.7354969574036511,15000,5000,0.5,0.5,0.25
human_enhancers_cohn,False,False,27791,20000,True,homology@0.5,2,4,RF,0.7124,0.79531136,0.7099636950383219,15000,5000,0.5,0.5,0.25
human_enhancers_cohn,False,False,27791,20000,True,homology@0.5,2,6,LR,0.7418,0.82197328,0.7381869803285338,15000,5000,0.5,0.5,0.25
human_enhancers_cohn,False,False,27791,20000,True,homology@0.5,2,6,RF,0.6988,0.7769058400000001,0.6910135412392285,15000,5000,0.5,0.5,0.25
human_enhancers_cohn,False,False,27791,20000,True,homology@0.7,0,4,LR,0.726,0.8069790400000001,0.7221095334685599,15000,5000,0.5,0.5,0.25
human_enhancers_cohn,False,False,27791,20000,True,homology@0.7,0,4,RF,0.7072,0.78390048,0.7044812272910779,15000,5000,0.5,0.5,0.25
human_enhancers_cohn,False,False,27791,20000,True,homology@0.7,0,6,LR,0.7378,0.8144614400000001,0.7318470034771937,15000,5000,0.5,0.5,0.25
human_enhancers_cohn,False,False,27791,20000,True,homology@0.7,0,6,RF,0.6974,0.77229712,0.6925421662263768,15000,5000,0.5,0.5,0.25
human_enhancers_cohn,False,False,27791,20000,True,homology@0.7,1,4,LR,0.7394,0.8142281599999999,0.7351087619434844,15000,5000,0.5,0.5,0.25
human_enhancers_cohn,False,False,27791,20000,True,homology@0.7,1,4,RF,0.7128,0.78699984,0.7093117408906883,15000,5000,0.5,0.5,0.25
human_enhancers_cohn,False,False,27791,20000,True,homology@0.7,1,6,LR,0.7404,0.81701008,0.7378836833602584,15000,5000,0.5,0.5,0.25
human_enhancers_cohn,False,False,27791,20000,True,homology@0.7,1,6,RF,0.698,0.77274936,0.6905737704918032,15000,5000,0.5,0.5,0.25
human_enhancers_cohn,False,False,27791,20000,True,homology@0.7,2,4,LR,0.737,0.8183443199999999,0.7312487226650317,15000,5000,0.5,0.5,0.25
human_enhancers_cohn,False,False,27791,20000,True,homology@0.7,2,4,RF,0.7166,0.7935401599999999,0.7162026837572602,15000,5000,0.5,0.5,0.25
human_enhancers_cohn,False,False,27791,20000,True,homology@0.7,2,6,LR,0.7434,0.81887584,0.7393865529148893,15000,5000,0.5,0.5,0.25
human_enhancers_cohn,False,False,27791,20000,True,homology@0.7,2,6,RF,0.701,0.7769368,0.6944614755773554,15000,5000,0.5,0.5,0.25
human_enhancers_cohn,False,False,27791,20000,True,homology@0.9,0,4,LR,0.7284,0.8095979200000001,0.7236467236467237,15000,5000,0.5,0.5,0.25
human_enhancers_cohn,False,False,27791,20000,True,homology@0.9,0,4,RF,0.7114,0.78978848,0.7074802351510238,15000,5000,0.5,0.5,0.25
human_enhancers_cohn,False,False,27791,20000,True,homology@0.9,0,6,LR,0.743,0.8143952,0.736949846468782,15000,5000,0.5,0.5,0.25
human_enhancers_cohn,False,False,27791,20000,True,homology@0.9,0,6,RF,0.6962,0.7761646400000001,0.6896833503575076,15000,5000,0.5,0.5,0.25
human_enhancers_cohn,False,False,27791,20000,True,homology@0.9,1,4,LR,0.7426,0.8155038400000001,0.7355660571193754,15000,5000,0.5,0.5,0.25
human_enhancers_cohn,False,False,27791,20000,True,homology@0.9,1,4,RF,0.7018,0.78471576,0.6990918264379414,15000,5000,0.5,0.5,0.25
human_enhancers_cohn,False,False,27791,20000,True,homology@0.9,1,6,LR,0.7408,0.8197406399999999,0.7364782431882879,15000,5000,0.5,0.5,0.25
human_enhancers_cohn,False,False,27791,20000,True,homology@0.9,1,6,RF,0.6916,0.77132736,0.6802156781418498,15000,5000,0.5,0.5,0.25
human_enhancers_cohn,False,False,27791,20000,True,homology@0.9,2,4,LR,0.7318,0.81290816,0.728707262795873,15000,5000,0.5,0.5,0.25
human_enhancers_cohn,False,False,27791,20000,True,homology@0.9,2,4,RF,0.7164,0.79466984,0.7143432715551974,15000,5000,0.5,0.5,0.25
human_enhancers_cohn,False,False,27791,20000,True,homology@0.9,2,6,LR,0.7328,0.81395472,0.7279022403258656,15000,5000,0.5,0.5,0.25
human_enhancers_cohn,False,False,27791,20000,True,homology@0.9,2,6,RF,0.6984,0.78008824,0.6914893617021277,15000,5000,0.5,0.5,0.25
human_enhancers_ensembl,False,False,154842,20000,True,original,-1,4,LR,0.72575,0.7912338750000001,0.7298694902733317,16000,4000,0.5,0.5,0.2
human_enhancers_ensembl,False,False,154842,20000,True,original,-1,4,RF,0.71675,0.793409875,0.7199011124845488,16000,4000,0.5,0.5,0.2
human_enhancers_ensembl,False,False,154842,20000,True,original,-1,6,LR,0.7605,0.8402630000000001,0.764387604525332,16000,4000,0.5,0.5,0.2
human_enhancers_ensembl,False,False,154842,20000,True,original,-1,6,RF,0.73375,0.807249,0.739799657952602,16000,4000,0.5,0.5,0.2
human_enhancers_ensembl,False,False,154842,20000,True,random,0,4,LR,0.7105,0.7819069999999999,0.7110778443113772,16000,4000,0.5,0.5,0.2
human_enhancers_ensembl,False,False,154842,20000,True,random,0,4,RF,0.70225,0.7811097499999999,0.7027701522335912,16000,4000,0.5,0.5,0.2
human_enhancers_ensembl,False,False,154842,20000,True,random,0,6,LR,0.748,0.82260375,0.7497517378351539,16000,4000,0.5,0.5,0.2
human_enhancers_ensembl,False,False,154842,20000,True,random,0,6,RF,0.71825,0.7951672499999999,0.7184611541343991,16000,4000,0.5,0.5,0.2
human_enhancers_ensembl,False,False,154842,20000,True,random,1,4,LR,0.72075,0.7904315,0.722346507581407,16000,4000,0.5,0.5,0.2
human_enhancers_ensembl,False,False,154842,20000,True,random,1,4,RF,0.7085,0.7842655,0.7113861386138614,16000,4000,0.5,0.5,0.2
human_enhancers_ensembl,False,False,154842,20000,True,random,1,6,LR,0.75725,0.8387404999999999,0.7610140290425794,16000,4000,0.5,0.5,0.2
human_enhancers_ensembl,False,False,154842,20000,True,random,1,6,RF,0.728,0.8015803749999999,0.7306930693069307,16000,4000,0.5,0.5,0.2
human_enhancers_ensembl,False,False,154842,20000,True,random,2,4,LR,0.71825,0.78369275,0.7209705372616985,16000,4000,0.5,0.5,0.2
human_enhancers_ensembl,False,False,154842,20000,True,random,2,4,RF,0.70825,0.7764426249999998,0.7136196319018405,16000,4000,0.5,0.5,0.2
human_enhancers_ensembl,False,False,154842,20000,True,random,2,6,LR,0.75075,0.82801275,0.753034431508546,16000,4000,0.5,0.5,0.2
human_enhancers_ensembl,False,False,154842,20000,True,random,2,6,RF,0.717,0.792241875,0.7210448496796451,16000,4000,0.5,0.5,0.2
human_enhancers_ensembl,False,False,154842,20000,True,homology@0.5,0,4,LR,0.7088227943014247,0.7750329835082459,0.7131248460970204,15999,4001,0.500031251953247,0.49987503124218946,0.2
human_enhancers_ensembl,False,False,154842,20000,True,homology@0.5,0,4,RF,0.6905773556610847,0.7558479510244878,0.6908091908091908,15999,4001,0.500031251953247,0.49987503124218946,0.2
human_enhancers_ensembl,False,False,154842,20000,True,homology@0.5,0,6,LR,0.7555611097225694,0.8310734632683658,0.7609970674486803,15999,4001,0.500031251953247,0.49987503124218946,0.2
human_enhancers_ensembl,False,False,154842,20000,True,homology@0.5,0,6,RF,0.7073231692076981,0.7712582458770614,0.7077614175193412,15999,4001,0.500031251953247,0.49987503124218946,0.2
human_enhancers_ensembl,False,False,154842,20000,True,homology@0.5,1,4,LR,0.7173206698325418,0.7851971514242878,0.7164702933065932,15999,4001,0.500031251953247,0.49987503124218946,0.2
human_enhancers_ensembl,False,False,154842,20000,True,homology@0.5,1,4,RF,0.6933266683329168,0.7585071214392805,0.689445709946849,15999,4001,0.500031251953247,0.49987503124218946,0.2
human_enhancers_ensembl,False,False,154842,20000,True,homology@0.5,1,6,LR,0.7433141714571357,0.8220423538230884,0.742671009771987,15999,4001,0.500031251953247,0.49987503124218946,0.2
human_enhancers_ensembl,False,False,154842,20000,True,homology@0.5,1,6,RF,0.7038240439890028,0.7745457271364318,0.7005307050796058,15999,4001,0.500031251953247,0.49987503124218946,0.2
human_enhancers_ensembl,False,False,154842,20000,True,homology@0.5,2,4,LR,0.720319920019995,0.7925698400799601,0.7194785660566558,15999,4001,0.500031251953247,0.49987503124218946,0.2
human_enhancers_ensembl,False,False,154842,20000,True,homology@0.5,2,4,RF,0.6975756060984754,0.7646944027986007,0.6936708860759494,15999,4001,0.500031251953247,0.49987503124218946,0.2
human_enhancers_ensembl,False,False,154842,20000,True,homology@0.5,2,6,LR,0.759810047488128,0.8337768615692155,0.7606475716064757,15999,4001,0.500031251953247,0.49987503124218946,0.2
human_enhancers_ensembl,False,False,154842,20000,True,homology@0.5,2,6,RF,0.7120719820044988,0.7778127186406796,0.7079107505070994,15999,4001,0.500031251953247,0.49987503124218946,0.2
human_enhancers_ensembl,False,False,154842,20000,True,homology@0.7,0,4,LR,0.7365658585353662,0.8081360569715142,0.7387208725830441,15999,4001,0.500031251953247,0.49987503124218946,0.2
human_enhancers_ensembl,False,False,154842,20000,True,homology@0.7,0,4,RF,0.7178205448637841,0.7830998250874563,0.7188044831880448,15999,4001,0.500031251953247,0.49987503124218946,0.2
human_enhancers_ensembl,False,False,154842,20000,True,homology@0.7,0,6,LR,0.7625593601599601,0.8440619690154924,0.7634462151394422,15999,4001,0.500031251953247,0.49987503124218946,0.2
human_enhancers_ensembl,False,False,154842,20000,True,homology@0.7,0,6,RF,0.7223194201449638,0.7962991004497751,0.7230117177761157,15999,4001,0.500031251953247,0.49987503124218946,0.2
human_enhancers_ensembl,False,False,154842,20000,True,homology@0.7,1,4,LR,0.7295676080979755,0.7957773613193404,0.7331031080414405,15999,4001,0.500031251953247,0.49987503124218946,0.2
human_enhancers_ensembl,False,False,154842,20000,True,homology@0.7,1,4,RF,0.7055736065983504,0.7703880559720142,0.7038712921065863,15999,4001,0.500031251953247,0.49987503124218946,0.2
human_enhancers_ensembl,False,False,154842,20000,True,homology@0.7,1,6,LR,0.7483129217695577,0.8281766616691654,0.7503099429704935,15999,4001,0.500031251953247,0.49987503124218946,0.2
human_enhancers_ensembl,False,False,154842,20000,True,homology@0.7,1,6,RF,0.7183204198950263,0.7858776861569214,0.7166205682675384,15999,4001,0.500031251953247,0.49987503124218946,0.2
human_enhancers_ensembl,False,False,154842,20000,True,homology@0.7,2,4,LR,0.7123219195201199,0.7785944527736132,0.7137527978114897,15999,4001,0.4999687480467529,0.5001249687578105,0.2
human_enhancers_ensembl,False,False,154842,20000,True,homology@0.7,2,4,RF,0.6878280429892527,0.7544349075462269,0.6899975179945396,15999,4001,0.4999687480467529,0.5001249687578105,0.2
human_enhancers_ensembl,False,False,154842,20000,True,homology@0.7,2,6,LR,0.7380654836290927,0.8209752623688156,0.7398212512413108,15999,4001,0.4999687480467529,0.5001249687578105,0.2
human_enhancers_ensembl,False,False,154842,20000,True,homology@0.7,2,6,RF,0.7003249187703074,0.7631651674162918,0.7018154687888585,15999,4001,0.4999687480467529,0.5001249687578105,0.2
human_enhancers_ensembl,False,False,154842,20000,True,homology@0.9,0,4,LR,0.7305,0.7977160000000002,0.7317073170731707,16000,4000,0.5,0.5,0.2
human_enhancers_ensembl,False,False,154842,20000,True,homology@0.9,0,4,RF,0.7105,0.777218625,0.7094831911690919,16000,4000,0.5,0.5,0.2
human_enhancers_ensembl,False,False,154842,20000,True,homology@0.9,0,6,LR,0.761,0.842410125,0.7646479566715904,16000,4000,0.5,0.5,0.2
human_enhancers_ensembl,False,False,154842,20000,True,homology@0.9,0,6,RF,0.72175,0.790867,0.7201408096555192,16000,4000,0.5,0.5,0.2
human_enhancers_ensembl,False,False,154842,20000,True,homology@0.9,1,4,LR,0.7195,0.795244625,0.7239173228346457,16000,4000,0.5,0.5,0.2
human_enhancers_ensembl,False,False,154842,20000,True,homology@0.9,1,4,RF,0.70425,0.768952875,0.707395498392283,16000,4000,0.5,0.5,0.2
human_enhancers_ensembl,False,False,154842,20000,True,homology@0.9,1,6,LR,0.7485,0.8294306250000001,0.7514822134387352,16000,4000,0.5,0.5,0.2
human_enhancers_ensembl,False,False,154842,20000,True,homology@0.9,1,6,RF,0.724,0.7902031250000001,0.7256461232604374,16000,4000,0.5,0.5,0.2
human_enhancers_ensembl,False,False,154842,20000,True,homology@0.9,2,4,LR,0.70375,0.7717885,0.7009841029523088,16000,4000,0.5,0.5,0.2
human_enhancers_ensembl,False,False,154842,20000,True,homology@0.9,2,4,RF,0.68825,0.745927875,0.6842238541402886,16000,4000,0.5,0.5,0.2
human_enhancers_ensembl,False,False,154842,20000,True,homology@0.9,2,6,LR,0.74,0.819126,0.738562091503268,16000,4000,0.5,0.5,0.2
human_enhancers_ensembl,False,False,154842,20000,True,homology@0.9,2,6,RF,0.69825,0.76638275,0.6954327529649256,16000,4000,0.5,0.5,0.2
human_ocr_ensembl,False,False,174756,20000,True,original,-1,4,LR,0.6495,0.70293975,0.6477386934673367,16000,4000,0.5,0.5,0.2
human_ocr_ensembl,False,False,174756,20000,True,original,-1,4,RF,0.6645,0.718207,0.6846804511278195,16000,4000,0.5,0.5,0.2
human_ocr_ensembl,False,False,174756,20000,True,original,-1,6,LR,0.677,0.74730325,0.680672268907563,16000,4000,0.5,0.5,0.2
human_ocr_ensembl,False,False,174756,20000,True,original,-1,6,RF,0.654,0.7111905000000001,0.6709462672372801,16000,4000,0.5,0.5,0.2
human_ocr_ensembl,False,False,174756,20000,True,random,0,4,LR,0.648,0.7041357500000001,0.6460532931121167,16000,4000,0.5,0.5,0.2
human_ocr_ensembl,False,False,174756,20000,True,random,0,4,RF,0.65125,0.71835925,0.6688820318063138,16000,4000,0.5,0.5,0.2
human_ocr_ensembl,False,False,174756,20000,True,random,0,6,LR,0.6725,0.74044725,0.6725,16000,4000,0.5,0.5,0.2
human_ocr_ensembl,False,False,174756,20000,True,random,0,6,RF,0.6505,0.7076445,0.6698157770429853,16000,4000,0.5,0.5,0.2
human_ocr_ensembl,False,False,174756,20000,True,random,1,4,LR,0.66,0.71329575,0.6594892338507762,16000,4000,0.5,0.5,0.2
human_ocr_ensembl,False,False,174756,20000,True,random,1,4,RF,0.6645,0.7249768750000001,0.6810836501901141,16000,4000,0.5,0.5,0.2
human_ocr_ensembl,False,False,174756,20000,True,random,1,6,LR,0.6875,0.76170975,0.6873436718359179,16000,4000,0.5,0.5,0.2
human_ocr_ensembl,False,False,174756,20000,True,random,1,6,RF,0.662,0.7228435,0.6818823529411765,16000,4000,0.5,0.5,0.2
human_ocr_ensembl,False,False,174756,20000,True,random,2,4,LR,0.63975,0.69234975,0.6391184573002755,16000,4000,0.5,0.5,0.2
human_ocr_ensembl,False,False,174756,20000,True,random,2,4,RF,0.65275,0.70778825,0.670149608169081,16000,4000,0.5,0.5,0.2
human_ocr_ensembl,False,False,174756,20000,True,random,2,6,LR,0.6685,0.741014,0.6709677419354839,16000,4000,0.5,0.5,0.2
human_ocr_ensembl,False,False,174756,20000,True,random,2,6,RF,0.6495,0.7018868749999999,0.6708920187793427,16000,4000,0.5,0.5,0.2
human_ocr_ensembl,False,False,174756,20000,True,homology@0.5,0,4,LR,0.6485,0.7045831761457939,0.6483241620810405,16000,4000,0.4999375,0.50025,0.2
human_ocr_ensembl,False,False,174756,20000,True,homology@0.5,0,4,RF,0.6495,0.7039045509761378,0.6684011352885525,16000,4000,0.4999375,0.50025,0.2
human_ocr_ensembl,False,False,174756,20000,True,homology@0.5,0,6,LR,0.677,0.743662935915734,0.6798810703666998,16000,4000,0.4999375,0.50025,0.2
human_ocr_ensembl,False,False,174756,20000,True,homology@0.5,0,6,RF,0.656,0.7125919281479821,0.6748582230623819,16000,4000,0.4999375,0.50025,0.2
human_ocr_ensembl,False,False,174756,20000,True,homology@0.5,1,4,LR,0.66325,0.7176254851592823,0.6626596543951916,16000,4000,0.4996875,0.50125,0.2
human_ocr_ensembl,False,False,174756,20000,True,homology@0.5,1,4,RF,0.6565,0.7145255907849424,0.6759433962264151,16000,4000,0.4996875,0.50125,0.2
human_ocr_ensembl,False,False,174756,20000,True,homology@0.5,1,6,LR,0.69075,0.7584104900655629,0.6915981052106707,16000,4000,0.4996875,0.50125,0.2
human_ocr_ensembl,False,False,174756,20000,True,homology@0.5,1,6,RF,0.6575,0.7187966174788593,0.6736541210100048,16000,4000,0.4996875,0.50125,0.2
human_ocr_ensembl,False,False,174756,20000,True,homology@0.5,2,4,LR,0.65575,0.7118962499999999,0.6537591149107367,16000,4000,0.5,0.5,0.2
human_ocr_ensembl,False,False,174756,20000,True,homology@0.5,2,4,RF,0.64625,0.7068645,0.6641348207927842,16000,4000,0.5,0.5,0.2
human_ocr_ensembl,False,False,174756,20000,True,homology@0.5,2,6,LR,0.6835,0.75158025,0.6849178695868592,16000,4000,0.5,0.5,0.2
human_ocr_ensembl,False,False,174756,20000,True,homology@0.5,2,6,RF,0.65675,0.71821575,0.6742586002372479,16000,4000,0.5,0.5,0.2
human_ocr_ensembl,False,False,174756,20000,True,homology@0.7,0,4,LR,0.6418395401149712,0.700039980009995,0.6398592611208846,15999,4001,0.500031251953247,0.49987503124218946,0.2
human_ocr_ensembl,False,False,174756,20000,True,homology@0.7,0,4,RF,0.6548362909272681,0.7141009495252374,0.6757454801596618,15999,4001,0.500031251953247,0.49987503124218946,0.2
human_ocr_ensembl,False,False,174756,20000,True,homology@0.7,0,6,LR,0.6710822294426393,0.7412263868065967,0.6755424063116371,15999,4001,0.500031251953247,0.49987503124218946,0.2
human_ocr_ensembl,False,False,174756,20000,True,homology@0.7,0,6,RF,0.6423394151462134,0.706645552223888,0.6588796185935638,15999,4001,0.500031251953247,0.49987503124218946,0.2
human_ocr_ensembl,False,False,174756,20000,True,homology@0.7,1,4,LR,0.6563359160209947,0.7080064967516241,0.6559919939954966,15999,4001,0.500031251953247,0.49987503124218946,0.2
human_ocr_ensembl,False,False,174756,20000,True,homology@0.7,1,4,RF,0.6400899775056236,0.6953288355822089,0.6579572446555819,15999,4001,0.500031251953247,0.49987503124218946,0.2
human_ocr_ensembl,False,False,174756,20000,True,homology@0.7,1,6,LR,0.6738315421144714,0.7434215392303848,0.6781750924784217,15999,4001,0.500031251953247,0.49987503124218946,0.2
human_ocr_ensembl,False,False,174756,20000,True,homology@0.7,1,6,RF,0.6375906023494127,0.6961830334832584,0.656235182550972,15999,4001,0.500031251953247,0.49987503124218946,0.2
human_ocr_ensembl,False,False,174756,20000,True,homology@0.7,2,4,LR,0.6470882279430142,0.6995914542728636,0.647,15999,4001,0.4999687480467529,0.5001249687578105,0.2
human_ocr_ensembl,False,False,174756,20000,True,homology@0.7,2,4,RF,0.6430892276930767,0.7014045477261369,0.6638418079096046,15999,4001,0.4999687480467529,0.5001249687578105,0.2
human_ocr_ensembl,False,False,174756,20000,True,homology@0.7,2,6,LR,0.6745813546613346,0.7422886056971514,0.6753117206982544,15999,4001,0.4999687480467529,0.5001249687578105,0.2
human_ocr_ensembl,False,False,174756,20000,True,homology@0.7,2,6,RF,0.6518370407398151,0.7118645677161419,0.673388042203986,15999,4001,0.4999687480467529,0.5001249687578105,0.2
human_ocr_ensembl,False,False,174756,20000,True,homology@0.9,0,4,LR,0.65575,0.71304625,0.6561797752808989,16000,4000,0.5,0.5,0.2
human_ocr_ensembl,False,False,174756,20000,True,homology@0.9,0,4,RF,0.65975,0.717709875,0.6789337107808445,16000,4000,0.5,0.5,0.2
human_ocr_ensembl,False,False,174756,20000,True,homology@0.9,0,6,LR,0.68325,0.7534605000000001,0.6844333748443338,16000,4000,0.5,0.5,0.2
human_ocr_ensembl,False,False,174756,20000,True,homology@0.9,0,6,RF,0.64825,0.71209,0.6702601359268807,16000,4000,0.5,0.5,0.2
human_ocr_ensembl,False,False,174756,20000,True,homology@0.9,1,4,LR,0.65575,0.714755,0.6585668237044384,16000,4000,0.5,0.5,0.2
human_ocr_ensembl,False,False,174756,20000,True,homology@0.9,1,4,RF,0.6545,0.72265875,0.6787540678754068,16000,4000,0.5,0.5,0.2
human_ocr_ensembl,False,False,174756,20000,True,homology@0.9,1,6,LR,0.67925,0.749931,0.6829750432419076,16000,4000,0.5,0.5,0.2
human_ocr_ensembl,False,False,174756,20000,True,homology@0.9,1,6,RF,0.651,0.71326275,0.6739841195702942,16000,4000,0.5,0.5,0.2
human_ocr_ensembl,False,False,174756,20000,True,homology@0.9,2,4,LR,0.64925,0.6982517500000001,0.6454384634824362,16000,4000,0.5,0.5,0.2
human_ocr_ensembl,False,False,174756,20000,True,homology@0.9,2,4,RF,0.6405,0.7036235000000001,0.6637043966323667,16000,4000,0.5,0.5,0.2
human_ocr_ensembl,False,False,174756,20000,True,homology@0.9,2,6,LR,0.66375,0.73410825,0.6611237087427564,16000,4000,0.5,0.5,0.2
human_ocr_ensembl,False,False,174756,20000,True,homology@0.9,2,6,RF,0.63975,0.703665375,0.6587733838503433,16000,4000,0.5,0.5,0.2
demo_human_or_worm,False,False,100000,20000,True,original,-1,4,LR,0.9278,0.97946304,0.9273203140728811,15000,5000,0.5,0.5,0.25
demo_human_or_worm,False,False,100000,20000,True,original,-1,4,RF,0.931,0.98195544,0.9314796425024826,15000,5000,0.5,0.5,0.25
demo_human_or_worm,False,False,100000,20000,True,original,-1,6,LR,0.9374,0.9840331200000001,0.9365240316365848,15000,5000,0.5,0.5,0.25
demo_human_or_worm,False,False,100000,20000,True,original,-1,6,RF,0.918,0.9738295199999999,0.9188761377127028,15000,5000,0.5,0.5,0.25
demo_human_or_worm,False,False,100000,20000,True,random,0,4,LR,0.9348,0.9820955199999999,0.9341414141414142,15000,5000,0.5,0.5,0.25
demo_human_or_worm,False,False,100000,20000,True,random,0,4,RF,0.938,0.98461232,0.9382961783439491,15000,5000,0.5,0.5,0.25
demo_human_or_worm,False,False,100000,20000,True,random,0,6,LR,0.942,0.9859384,0.9414614452967299,15000,5000,0.5,0.5,0.25
demo_human_or_worm,False,False,100000,20000,True,random,0,6,RF,0.9204,0.97574952,0.9216843762298308,15000,5000,0.5,0.5,0.25
demo_human_or_worm,False,False,100000,20000,True,random,1,4,LR,0.9382,0.98366992,0.9376387487386478,15000,5000,0.5,0.5,0.25
demo_human_or_worm,False,False,100000,20000,True,random,1,4,RF,0.9318,0.98167184,0.9326752221125371,15000,5000,0.5,0.5,0.25
demo_human_or_worm,False,False,100000,20000,True,random,1,6,LR,0.9424,0.9877383999999999,0.9417946645109135,15000,5000,0.5,0.5,0.25
demo_human_or_worm,False,False,100000,20000,True,random,1,6,RF,0.9178,0.97603688,0.9194591416813639,15000,5000,0.5,0.5,0.25
demo_human_or_worm,False,False,100000,20000,True,random,2,4,LR,0.9394,0.98379136,0.9388249545729861,15000,5000,0.5,0.5,0.25
demo_human_or_worm,False,False,100000,20000,True,random,2,4,RF,0.9366,0.9850750399999999,0.9371156516564174,15000,5000,0.5,0.5,0.25
demo_human_or_worm,False,False,100000,20000,True,random,2,6,LR,0.946,0.98704288,0.945321992709599,15000,5000,0.5,0.5,0.25
demo_human_or_worm,False,False,100000,20000,True,random,2,6,RF,0.9212,0.97736728,0.9221343873517787,15000,5000,0.5,0.5,0.25
demo_human_or_worm,False,False,100000,20000,True,homology@0.5,0,4,LR,0.935,0.98079824,0.9341171700790594,15000,5000,0.5,0.5,0.25
demo_human_or_worm,False,False,100000,20000,True,homology@0.5,0,4,RF,0.9334,0.98126896,0.933862959285005,15000,5000,0.5,0.5,0.25
demo_human_or_worm,False,False,100000,20000,True,homology@0.5,0,6,LR,0.9388,0.98571856,0.9381568310428456,15000,5000,0.5,0.5,0.25
demo_human_or_worm,False,False,100000,20000,True,homology@0.5,0,6,RF,0.9174,0.9748036800000001,0.9186206896551724,15000,5000,0.5,0.5,0.25
demo_human_or_worm,False,False,100000,20000,True,homology@0.5,1,4,LR,0.9328,0.98161984,0.9326383319967922,15000,5000,0.5,0.5,0.25
demo_human_or_worm,False,False,100000,20000,True,homology@0.5,1,4,RF,0.9326,0.98274336,0.9332805385072263,15000,5000,0.5,0.5,0.25
demo_human_or_worm,False,False,100000,20000,True,homology@0.5,1,6,LR,0.9386,0.98546672,0.9380173632142136,15000,5000,0.5,0.5,0.25
demo_human_or_worm,False,False,100000,20000,True,homology@0.5,1,6,RF,0.9182,0.9754568,0.9194088669950738,15000,5000,0.5,0.5,0.25
demo_human_or_worm,False,False,100000,20000,True,homology@0.5,2,4,LR,0.9384,0.9817027199999999,0.9379782521143778,15000,5000,0.5,0.5,0.25
demo_human_or_worm,False,False,100000,20000,True,homology@0.5,2,4,RF,0.9346,0.9833888,0.9355665024630542,15000,5000,0.5,0.5,0.25
demo_human_or_worm,False,False,100000,20000,True,homology@0.5,2,6,LR,0.9398,0.9845864,0.9390564891678478,15000,5000,0.5,0.5,0.25
demo_human_or_worm,False,False,100000,20000,True,homology@0.5,2,6,RF,0.9184,0.9755727200000001,0.9196534068530917,15000,5000,0.5,0.5,0.25
demo_human_or_worm,False,False,100000,20000,True,homology@0.7,0,4,LR,0.9358,0.9817299199999999,0.9350859453993934,15000,5000,0.5,0.5,0.25
demo_human_or_worm,False,False,100000,20000,True,homology@0.7,0,4,RF,0.936,0.9831346400000001,0.9362803663878932,15000,5000,0.5,0.5,0.25
demo_human_or_worm,False,False,100000,20000,True,homology@0.7,0,6,LR,0.9408,0.98552448,0.9399106780349168,15000,5000,0.5,0.5,0.25
demo_human_or_worm,False,False,100000,20000,True,homology@0.7,0,6,RF,0.9212,0.9764106400000001,0.9226844583987441,15000,5000,0.5,0.5,0.25
demo_human_or_worm,False,False,100000,20000,True,homology@0.7,1,4,LR,0.939,0.98258288,0.9382466086252278,15000,5000,0.5,0.5,0.25
demo_human_or_worm,False,False,100000,20000,True,homology@0.7,1,4,RF,0.9346,0.9841254399999999,0.9347435641588505,15000,5000,0.5,0.5,0.25
demo_human_or_worm,False,False,100000,20000,True,homology@0.7,1,6,LR,0.9416,0.9868872000000001,0.9407467532467533,15000,5000,0.5,0.5,0.25
demo_human_or_worm,False,False,100000,20000,True,homology@0.7,1,6,RF,0.9248,0.9779508,0.9256623171213919,15000,5000,0.5,0.5,0.25
demo_human_or_worm,False,False,100000,20000,True,homology@0.7,2,4,LR,0.9358,0.9826633600000001,0.9357871574314863,15000,5000,0.5,0.5,0.25
demo_human_or_worm,False,False,100000,20000,True,homology@0.7,2,4,RF,0.9392,0.98377008,0.939873417721519,15000,5000,0.5,0.5,0.25
demo_human_or_worm,False,False,100000,20000,True,homology@0.7,2,6,LR,0.9418,0.98623456,0.9411050394656952,15000,5000,0.5,0.5,0.25
demo_human_or_worm,False,False,100000,20000,True,homology@0.7,2,6,RF,0.9222,0.97605784,0.9239491691104594,15000,5000,0.5,0.5,0.25
demo_human_or_worm,False,False,100000,20000,True,homology@0.9,0,4,LR,0.9356,0.9823159999999999,0.9352112676056338,15000,5000,0.5,0.5,0.25
demo_human_or_worm,False,False,100000,20000,True,homology@0.9,0,4,RF,0.9332,0.9844663199999999,0.9336511720301947,15000,5000,0.5,0.5,0.25
demo_human_or_worm,False,False,100000,20000,True,homology@0.9,0,6,LR,0.9414,0.98664336,0.9409631271408422,15000,5000,0.5,0.5,0.25
demo_human_or_worm,False,False,100000,20000,True,homology@0.9,0,6,RF,0.92,0.97692528,0.9214145383104125,15000,5000,0.5,0.5,0.25
demo_human_or_worm,False,False,100000,20000,True,homology@0.9,1,4,LR,0.9328,0.98214096,0.9325842696629213,15000,5000,0.5,0.5,0.25
demo_human_or_worm,False,False,100000,20000,True,homology@0.9,1,4,RF,0.9364,0.98359624,0.9373522458628841,15000,5000,0.5,0.5,0.25
demo_human_or_worm,False,False,100000,20000,True,homology@0.9,1,6,LR,0.9418,0.985668,0.9411764705882353,15000,5000,0.5,0.5,0.25
demo_human_or_worm,False,False,100000,20000,True,homology@0.9,1,6,RF,0.9218,0.97645472,0.9233182977054324,15000,5000,0.5,0.5,0.25
demo_human_or_worm,False,False,100000,20000,True,homology@0.9,2,4,LR,0.9292,0.9807176,0.9288299155609168,15000,5000,0.5,0.5,0.25
demo_human_or_worm,False,False,100000,20000,True,homology@0.9,2,4,RF,0.9386,0.98147184,0.9389783343271715,15000,5000,0.5,0.5,0.25
demo_human_or_worm,False,False,100000,20000,True,homology@0.9,2,6,LR,0.9448,0.9846425600000001,0.9441747572815534,15000,5000,0.5,0.5,0.25
demo_human_or_worm,False,False,100000,20000,True,homology@0.9,2,6,RF,0.9238,0.97530608,0.9250442651977179,15000,5000,0.5,0.5,0.25
demo_coding_vs_intergenomic_seqs,False,False,100000,20000,True,original,-1,4,LR,0.8836,0.95371936,0.8851617995264404,15000,5000,0.5,0.5,0.25
demo_coding_vs_intergenomic_seqs,False,False,100000,20000,True,original,-1,4,RF,0.859,0.9359252,0.8633456096142663,15000,5000,0.5,0.5,0.25
demo_coding_vs_intergenomic_seqs,False,False,100000,20000,True,original,-1,6,LR,0.8878,0.9576025600000001,0.8883582089552239,15000,5000,0.5,0.5,0.25
demo_coding_vs_intergenomic_seqs,False,False,100000,20000,True,original,-1,6,RF,0.8406,0.92726632,0.845092322643343,15000,5000,0.5,0.5,0.25
demo_coding_vs_intergenomic_seqs,False,False,100000,20000,True,random,0,4,LR,0.8876,0.95471632,0.8884920634920634,15000,5000,0.5,0.5,0.25
demo_coding_vs_intergenomic_seqs,False,False,100000,20000,True,random,0,4,RF,0.8642,0.9409888000000001,0.8671492858540403,15000,5000,0.5,0.5,0.25
demo_coding_vs_intergenomic_seqs,False,False,100000,20000,True,random,0,6,LR,0.894,0.960808,0.8942959712804148,15000,5000,0.5,0.5,0.25
demo_coding_vs_intergenomic_seqs,False,False,100000,20000,True,random,0,6,RF,0.8472,0.93281568,0.8504306969459671,15000,5000,0.5,0.5,0.25
demo_coding_vs_intergenomic_seqs,False,False,100000,20000,True,random,1,4,LR,0.8858,0.95249568,0.8868634832573806,15000,5000,0.5,0.5,0.25
demo_coding_vs_intergenomic_seqs,False,False,100000,20000,True,random,1,4,RF,0.8602,0.9396109600000001,0.8629680454812781,15000,5000,0.5,0.5,0.25
demo_coding_vs_intergenomic_seqs,False,False,100000,20000,True,random,1,6,LR,0.891,0.9594724800000001,0.890715861239222,15000,5000,0.5,0.5,0.25
demo_coding_vs_intergenomic_seqs,False,False,100000,20000,True,random,1,6,RF,0.8562,0.93303464,0.8587703791003732,15000,5000,0.5,0.5,0.25
demo_coding_vs_intergenomic_seqs,False,False,100000,20000,True,random,2,4,LR,0.8808,0.9515454400000001,0.8821668643732701,15000,5000,0.5,0.5,0.25
demo_coding_vs_intergenomic_seqs,False,False,100000,20000,True,random,2,4,RF,0.8506,0.93298784,0.8552044969955418,15000,5000,0.5,0.5,0.25
demo_coding_vs_intergenomic_seqs,False,False,100000,20000,True,random,2,6,LR,0.8864,0.95634336,0.8865814696485623,15000,5000,0.5,0.5,0.25
demo_coding_vs_intergenomic_seqs,False,False,100000,20000,True,random,2,6,RF,0.8328,0.92264896,0.8376699029126213,15000,5000,0.5,0.5,0.25
demo_coding_vs_intergenomic_seqs,False,False,100000,20000,True,homology@0.5,0,4,LR,0.887,0.95715328,0.8876069226178636,15000,5000,0.5,0.5,0.25
demo_coding_vs_intergenomic_seqs,False,False,100000,20000,True,homology@0.5,0,4,RF,0.8674,0.9412144800000001,0.870583642397033,15000,5000,0.5,0.5,0.25
demo_coding_vs_intergenomic_seqs,False,False,100000,20000,True,homology@0.5,0,6,LR,0.8978,0.9616355199999999,0.8976157082748948,15000,5000,0.5,0.5,0.25
demo_coding_vs_intergenomic_seqs,False,False,100000,20000,True,homology@0.5,0,6,RF,0.8516,0.9331873599999999,0.8558103381267004,15000,5000,0.5,0.5,0.25
demo_coding_vs_intergenomic_seqs,False,False,100000,20000,True,homology@0.5,1,4,LR,0.8848,0.9541239999999999,0.8854415274463007,15000,5000,0.5,0.5,0.25
demo_coding_vs_intergenomic_seqs,False,False,100000,20000,True,homology@0.5,1,4,RF,0.8646,0.94159152,0.8678508686316612,15000,5000,0.5,0.5,0.25
demo_coding_vs_intergenomic_seqs,False,False,100000,20000,True,homology@0.5,1,6,LR,0.8932,0.96064112,0.8936254980079681,15000,5000,0.5,0.5,0.25
demo_coding_vs_intergenomic_seqs,False,False,100000,20000,True,homology@0.5,1,6,RF,0.848,0.9327288,0.8513883457176379,15000,5000,0.5,0.5,0.25
demo_coding_vs_intergenomic_seqs,False,False,100000,20000,True,homology@0.5,2,4,LR,0.8826,0.95212384,0.8828109403074466,15000,5000,0.5,0.5,0.25
demo_coding_vs_intergenomic_seqs,False,False,100000,20000,True,homology@0.5,2,4,RF,0.8618,0.93759048,0.8644832320062757,15000,5000,0.5,0.5,0.25
demo_coding_vs_intergenomic_seqs,False,False,100000,20000,True,homology@0.5,2,6,LR,0.8908,0.9596411200000001,0.8908,15000,5000,0.5,0.5,0.25
demo_coding_vs_intergenomic_seqs,False,False,100000,20000,True,homology@0.5,2,6,RF,0.8414,0.92932032,0.845809838615594,15000,5000,0.5,0.5,0.25
demo_coding_vs_intergenomic_seqs,False,False,100000,20000,True,homology@0.7,0,4,LR,0.8788,0.95137056,0.8798095993653312,15000,5000,0.5,0.5,0.25
demo_coding_vs_intergenomic_seqs,False,False,100000,20000,True,homology@0.7,0,4,RF,0.8542,0.9323511200000001,0.858253937390628,15000,5000,0.5,0.5,0.25
demo_coding_vs_intergenomic_seqs,False,False,100000,20000,True,homology@0.7,0,6,LR,0.8822,0.9563534399999999,0.8827860696517413,15000,5000,0.5,0.5,0.25
demo_coding_vs_intergenomic_seqs,False,False,100000,20000,True,homology@0.7,0,6,RF,0.8404,0.9242820799999999,0.8445656408258668,15000,5000,0.5,0.5,0.25
demo_coding_vs_intergenomic_seqs,False,False,100000,20000,True,homology@0.7,1,4,LR,0.882,0.9531342399999998,0.8832145684877276,15000,5000,0.5,0.5,0.25
demo_coding_vs_intergenomic_seqs,False,False,100000,20000,True,homology@0.7,1,4,RF,0.8562,0.9355735199999999,0.8600350399065603,15000,5000,0.5,0.5,0.25
demo_coding_vs_intergenomic_seqs,False,False,100000,20000,True,homology@0.7,1,6,LR,0.8912,0.9596849600000001,0.8910256410256411,15000,5000,0.5,0.5,0.25
demo_coding_vs_intergenomic_seqs,False,False,100000,20000,True,homology@0.7,1,6,RF,0.8394,0.92726064,0.8435612702123515,15000,5000,0.5,0.5,0.25
demo_coding_vs_intergenomic_seqs,False,False,100000,20000,True,homology@0.7,2,4,LR,0.8874,0.9574588800000001,0.8883158103550883,15000,5000,0.5,0.5,0.25
demo_coding_vs_intergenomic_seqs,False,False,100000,20000,True,homology@0.7,2,4,RF,0.869,0.9422619999999999,0.8726919339164237,15000,5000,0.5,0.5,0.25
demo_coding_vs_intergenomic_seqs,False,False,100000,20000,True,homology@0.7,2,6,LR,0.8988,0.9627048,0.8995234312946783,15000,5000,0.5,0.5,0.25
demo_coding_vs_intergenomic_seqs,False,False,100000,20000,True,homology@0.7,2,6,RF,0.8486,0.9323682400000001,0.8531522793404461,15000,5000,0.5,0.5,0.25
demo_coding_vs_intergenomic_seqs,False,False,100000,20000,True,homology@0.9,0,4,LR,0.8704,0.94658544,0.872791519434629,15000,5000,0.5,0.5,0.25
demo_coding_vs_intergenomic_seqs,False,False,100000,20000,True,homology@0.9,0,4,RF,0.8456,0.92854016,0.851195065535852,15000,5000,0.5,0.5,0.25
demo_coding_vs_intergenomic_seqs,False,False,100000,20000,True,homology@0.9,0,6,LR,0.8866,0.9550080000000001,0.8870292887029289,15000,5000,0.5,0.5,0.25
demo_coding_vs_intergenomic_seqs,False,False,100000,20000,True,homology@0.9,0,6,RF,0.8286,0.92129408,0.8346517460929963,15000,5000,0.5,0.5,0.25
demo_coding_vs_intergenomic_seqs,False,False,100000,20000,True,homology@0.9,1,4,LR,0.876,0.9482755199999999,0.8782403770620582,15000,5000,0.5,0.5,0.25
demo_coding_vs_intergenomic_seqs,False,False,100000,20000,True,homology@0.9,1,4,RF,0.8564,0.93324016,0.860148032723023,15000,5000,0.5,0.5,0.25
demo_coding_vs_intergenomic_seqs,False,False,100000,20000,True,homology@0.9,1,6,LR,0.8892,0.95525536,0.8893769968051118,15000,5000,0.5,0.5,0.25
demo_coding_vs_intergenomic_seqs,False,False,100000,20000,True,homology@0.9,1,6,RF,0.8436,0.9279903999999999,0.8483320403413499,15000,5000,0.5,0.5,0.25
demo_coding_vs_intergenomic_seqs,False,False,100000,20000,True,homology@0.9,2,4,LR,0.884,0.95339456,0.882875605815832,15000,5000,0.5,0.5,0.25
demo_coding_vs_intergenomic_seqs,False,False,100000,20000,True,homology@0.9,2,4,RF,0.857,0.9339868,0.8586118251928021,15000,5000,0.5,0.5,0.25
demo_coding_vs_intergenomic_seqs,False,False,100000,20000,True,homology@0.9,2,6,LR,0.8914,0.9587070400000002,0.8901921132457027,15000,5000,0.5,0.5,0.25
demo_coding_vs_intergenomic_seqs,False,False,100000,20000,True,homology@0.9,2,6,RF,0.8454,0.92850448,0.8471425746490013,15000,5000,0.5,0.5,0.25
drosophila_enhancers_stark,False,False,6914,6914,False,original,-1,4,LR,0.7005780346820809,0.7614287146246117,0.7144432194046306,5184,1730,0.5,0.5,0.25021695111368236
drosophila_enhancers_stark,False,False,6914,6914,False,original,-1,4,RF,0.6878612716763006,0.7546252798289284,0.7103004291845494,5184,1730,0.5,0.5,0.25021695111368236
drosophila_enhancers_stark,False,False,6914,6914,False,original,-1,6,LR,0.7179190751445087,0.786945103411407,0.7309812568908489,5184,1730,0.5,0.5,0.25021695111368236
drosophila_enhancers_stark,False,False,6914,6914,False,original,-1,6,RF,0.708092485549133,0.7567924087005914,0.7315257841573631,5184,1730,0.5,0.5,0.25021695111368236
drosophila_enhancers_stark,False,False,6914,6914,False,random,0,4,LR,0.684393063583815,0.7276808446657088,0.7022900763358778,5184,1730,0.5,0.5,0.25021695111368236
drosophila_enhancers_stark,False,False,6914,6914,False,random,0,4,RF,0.6728323699421965,0.7306665775669083,0.6979722518676628,5184,1730,0.5,0.5,0.25021695111368236
drosophila_enhancers_stark,False,False,6914,6914,False,random,0,6,LR,0.684393063583815,0.7471589428313676,0.6990077177508269,5184,1730,0.5,0.5,0.25021695111368236
drosophila_enhancers_stark,False,False,6914,6914,False,random,0,6,RF,0.6641618497109827,0.7059834942697717,0.690792974986695,5184,1730,0.5,0.5,0.25021695111368236
drosophila_enhancers_stark,False,False,6914,6914,False,random,1,4,LR,0.6791907514450867,0.7277931103611881,0.6985334057577404,5184,1730,0.5,0.5,0.25021695111368236
drosophila_enhancers_stark,False,False,6914,6914,False,random,1,4,RF,0.6751445086705202,0.7261538975575529,0.7038988408851422,5184,1730,0.5,0.5,0.25021695111368236
drosophila_enhancers_stark,False,False,6914,6914,False,random,1,6,LR,0.6988439306358382,0.7551899495472619,0.7160762942779292,5184,1730,0.5,0.5,0.25021695111368236
drosophila_enhancers_stark,False,False,6914,6914,False,random,1,6,RF,0.6884393063583815,0.7267346052323833,0.7140583554376658,5184,1730,0.5,0.5,0.25021695111368236
drosophila_enhancers_stark,False,False,6914,6914,False,random,2,4,LR,0.6861271676300578,0.7298887366768019,0.7047308319738989,5184,1730,0.5,0.5,0.25021695111368236
drosophila_enhancers_stark,False,False,6914,6914,False,random,2,4,RF,0.6826589595375723,0.7245808413244679,0.7068873465029365,5184,1730,0.5,0.5,0.25021695111368236
drosophila_enhancers_stark,False,False,6914,6914,False,random,2,6,LR,0.6971098265895954,0.7510160713689062,0.7155266015200868,5184,1730,0.5,0.5,0.25021695111368236
drosophila_enhancers_stark,False,False,6914,6914,False,random,2,6,RF,0.6710982658959538,0.708197400514551,0.6962092899092365,5184,1730,0.5,0.5,0.25021695111368236
drosophila_enhancers_stark,False,False,6914,6914,False,homology@0.5,0,4,LR,0.7007510109763143,0.7478060046189376,0.7181719260065288,5183,1731,0.5000964692263168,0.49971114962449453,0.25021695111368236
drosophila_enhancers_stark,False,False,6914,6914,False,homology@0.5,0,4,RF,0.7036395147313691,0.7505833744943866,0.7343345416882444,5183,1731,0.5000964692263168,0.49971114962449453,0.25021695111368236
drosophila_enhancers_stark,False,False,6914,6914,False,homology@0.5,0,6,LR,0.7059503177354131,0.7699875849363895,0.7226158038147139,5183,1731,0.5000964692263168,0.49971114962449453,0.25021695111368236
drosophila_enhancers_stark,False,False,6914,6914,False,homology@0.5,0,6,RF,0.6811091854419411,0.7335226741780027,0.704812834224599,5183,1731,0.5000964692263168,0.49971114962449453,0.25021695111368236
drosophila_enhancers_stark,False,False,6914,6914,False,homology@0.5,1,4,LR,0.6670500287521565,0.7157896825396826,0.6912,5175,1739,0.5010628019323672,0.4968372627947096,0.25021695111368236
drosophila_enhancers_stark,False,False,6914,6914,False,homology@0.5,1,4,RF,0.6515238642898218,0.7083492063492063,0.6833855799373041,5175,1739,0.5010628019323672,0.4968372627947096,0.25021695111368236
drosophila_enhancers_stark,False,False,6914,6914,False,homology@0.5,1,6,LR,0.6906267970097757,0.7482526455026455,0.7116827438370846,5175,1739,0.5010628019323672,0.4968372627947096,0.25021695111368236
drosophila_enhancers_stark,False,False,6914,6914,False,homology@0.5,1,6,RF,0.660149511213341,0.6976666666666667,0.6958311888831703,5175,1739,0.5010628019323672,0.4968372627947096,0.25021695111368236
drosophila_enhancers_stark,False,False,6914,6914,False,homology@0.5,2,4,LR,0.7019064124783362,0.7466219012401714,0.7228786251342643,5183,1731,0.5000964692263168,0.49971114962449453,0.25021695111368236
drosophila_enhancers_stark,False,False,6914,6914,False,homology@0.5,2,4,RF,0.682842287694974,0.737865944012068,0.7105956773853452,5183,1731,0.5000964692263168,0.49971114962449453,0.25021695111368236
drosophila_enhancers_stark,False,False,6914,6914,False,homology@0.5,2,6,LR,0.708838821490468,0.7655942543619592,0.728448275862069,5183,1731,0.5000964692263168,0.49971114962449453,0.25021695111368236
drosophila_enhancers_stark,False,False,6914,6914,False,homology@0.5,2,6,RF,0.6603119584055459,0.7151443751752126,0.6905263157894737,5183,1731,0.5000964692263168,0.49971114962449453,0.25021695111368236
drosophila_enhancers_stark,False,False,6914,6914,False,homology@0.7,0,4,LR,0.6776429809358753,0.7292666777023672,0.6950819672131148,5183,1731,0.49951765386841596,0.5014442518775274,0.25021695111368236
drosophila_enhancers_stark,False,False,6914,6914,False,homology@0.7,0,4,RF,0.6863084922010398,0.7278816527919432,0.7143608627038401,5183,1731,0.49951765386841596,0.5014442518775274,0.25021695111368236
drosophila_enhancers_stark,False,False,6914,6914,False,homology@0.7,0,6,LR,0.6949740034662045,0.7508116579716027,0.7127312295973884,5183,1731,0.49951765386841596,0.5014442518775274,0.25021695111368236
drosophila_enhancers_stark,False,False,6914,6914,False,homology@0.7,0,6,RF,0.682842287694974,0.7241063752529756,0.7139134966128192,5183,1731,0.49951765386841596,0.5014442518775274,0.25021695111368236
drosophila_enhancers_stark,False,False,6914,6914,False,homology@0.7,1,4,LR,0.6891969959560947,0.753513605878081,0.7047200878155873,5183,1731,0.5002894076789504,0.49913344887348354,0.25021695111368236
drosophila_enhancers_stark,False,False,6914,6914,False,homology@0.7,1,4,RF,0.6886192952050838,0.747123168439489,0.7103707684040839,5183,1731,0.5002894076789504,0.49913344887348354,0.25021695111368236
drosophila_enhancers_stark,False,False,6914,6914,False,homology@0.7,1,6,LR,0.7169266320046216,0.7770542312785681,0.7298787210584344,5183,1731,0.5002894076789504,0.49913344887348354,0.25021695111368236
drosophila_enhancers_stark,False,False,6914,6914,False,homology@0.7,1,6,RF,0.6891969959560947,0.7306084198385236,0.7159450897571278,5183,1731,0.5002894076789504,0.49913344887348354,0.25021695111368236
drosophila_enhancers_stark,False,False,6914,6914,False,homology@0.7,2,4,LR,0.6886192952050838,0.7419314789796604,0.7056253413435282,5183,1731,0.49951765386841596,0.5014442518775274,0.25021695111368236
drosophila_enhancers_stark,False,False,6914,6914,False,homology@0.7,2,4,RF,0.6735990756787984,0.7319239230847274,0.7015319598520866,5183,1731,0.49951765386841596,0.5014442518775274,0.25021695111368236
drosophila_enhancers_stark,False,False,6914,6914,False,homology@0.7,2,6,LR,0.706528018486424,0.7583181592451582,0.7251082251082251,5183,1731,0.49951765386841596,0.5014442518775274,0.25021695111368236
drosophila_enhancers_stark,False,False,6914,6914,False,homology@0.7,2,6,RF,0.682842287694974,0.7213122960842843,0.707823310271421,5183,1731,0.49951765386841596,0.5014442518775274,0.25021695111368236
drosophila_enhancers_stark,False,False,6914,6914,False,homology@0.9,0,4,LR,0.6747544771808204,0.7312632660961969,0.7003725385843533,5183,1731,0.4999035307736832,0.5002888503755055,0.25021695111368236
drosophila_enhancers_stark,False,False,6914,6914,False,homology@0.9,0,4,RF,0.6782206816868862,0.7245905031438145,0.7109496626881162,5183,1731,0.4999035307736832,0.5002888503755055,0.25021695111368236
drosophila_enhancers_stark,False,False,6914,6914,False,homology@0.9,0,6,LR,0.7082611207394569,0.7650295692106422,0.7326627845420858,5183,1731,0.4999035307736832,0.5002888503755055,0.25021695111368236
drosophila_enhancers_stark,False,False,6914,6914,False,homology@0.9,0,6,RF,0.6649335644136337,0.6989120132427344,0.6985446985446986,5183,1731,0.4999035307736832,0.5002888503755055,0.25021695111368236
drosophila_enhancers_stark,False,False,6914,6914,False,homology@0.9,1,4,LR,0.6683997689196995,0.7209774526425395,0.6849615806805708,5183,1731,0.5000964692263168,0.49971114962449453,0.25021695111368236
drosophila_enhancers_stark,False,False,6914,6914,False,homology@0.9,1,4,RF,0.6741767764298093,0.724508403529616,0.6977491961414791,5183,1731,0.5000964692263168,0.49971114962449453,0.25021695111368236
drosophila_enhancers_stark,False,False,6914,6914,False,homology@0.9,1,6,LR,0.6943963027151935,0.7481370729818846,0.7123436650353453,5183,1731,0.5000964692263168,0.49971114962449453,0.25021695111368236
drosophila_enhancers_stark,False,False,6914,6914,False,homology@0.9,1,6,RF,0.6678220681686886,0.6964016339825655,0.6962493396724776,5183,1731,0.5000964692263168,0.49971114962449453,0.25021695111368236
drosophila_enhancers_stark,False,False,6914,6914,False,homology@0.9,2,4,LR,0.6759098786828422,0.7287709087025591,0.6985491671144546,5183,1731,0.5000964692263168,0.49971114962449453,0.25021695111368236
drosophila_enhancers_stark,False,False,6914,6914,False,homology@0.9,2,4,RF,0.6683997689196995,0.7204321243108304,0.7038183694530443,5183,1731,0.5000964692263168,0.49971114962449453,0.25021695111368236
drosophila_enhancers_stark,False,False,6914,6914,False,homology@0.9,2,6,LR,0.7007510109763143,0.7462641338156962,0.7215053763440861,5183,1731,0.5000964692263168,0.49971114962449453,0.25021695111368236
drosophila_enhancers_stark,False,False,6914,6914,False,homology@0.9,2,6,RF,0.6614673599075679,0.7109826589595375,0.6963730569948187,5183,1731,0.5000964692263168,0.49971114962449453,0.25021695111368236
dummy_mouse_enhancers_ensembl,False,True,1210,1210,False,original,-1,4,LR,0.7768595041322314,0.8826582883682808,0.7692307692307693,968,242,0.5,0.5,0.2
dummy_mouse_enhancers_ensembl,False,True,1210,1210,False,original,-1,4,RF,0.7851239669421488,0.8694419780069668,0.7851239669421488,968,242,0.5,0.5,0.2
dummy_mouse_enhancers_ensembl,False,True,1210,1210,False,original,-1,6,LR,0.756198347107438,0.8756915511235571,0.74235807860262,968,242,0.5,0.5,0.2
dummy_mouse_enhancers_ensembl,False,True,1210,1210,False,original,-1,6,RF,0.768595041322314,0.8520592855679258,0.7704918032786885,968,242,0.5,0.5,0.2
dummy_mouse_enhancers_ensembl,False,True,1210,1210,False,random,0,4,LR,0.743801652892562,0.8431118093026433,0.7651515151515151,968,242,0.5,0.5,0.2
dummy_mouse_enhancers_ensembl,False,True,1210,1210,False,random,0,4,RF,0.7603305785123967,0.8269926917560276,0.7786259541984732,968,242,0.5,0.5,0.2
dummy_mouse_enhancers_ensembl,False,True,1210,1210,False,random,0,6,LR,0.7272727272727273,0.8287685267399767,0.736,968,242,0.5,0.5,0.2
dummy_mouse_enhancers_ensembl,False,True,1210,1210,False,random,0,6,RF,0.6900826446280992,0.786899801926098,0.7252747252747253,968,242,0.5,0.5,0.2
dummy_mouse_enhancers_ensembl,False,True,1210,1210,False,random,1,4,LR,0.7479338842975206,0.8571818864831637,0.7662835249042146,968,242,0.5,0.5,0.2
dummy_mouse_enhancers_ensembl,False,True,1210,1210,False,random,1,4,RF,0.7355371900826446,0.8517177788402432,0.7575757575757576,968,242,0.5,0.5,0.2
dummy_mouse_enhancers_ensembl,False,True,1210,1210,False,random,1,6,LR,0.7727272727272727,0.8704323475172461,0.7876447876447876,968,242,0.5,0.5,0.2
dummy_mouse_enhancers_ensembl,False,True,1210,1210,False,random,1,6,RF,0.7396694214876033,0.8434191653575576,0.7675276752767528,968,242,0.5,0.5,0.2
dummy_mouse_enhancers_ensembl,False,True,1210,1210,False,random,2,4,LR,0.768595041322314,0.8708421555904651,0.7647058823529411,968,242,0.5,0.5,0.2
dummy_mouse_enhancers_ensembl,False,True,1210,1210,False,random,2,4,RF,0.756198347107438,0.8652414452564716,0.757201646090535,968,242,0.5,0.5,0.2
dummy_mouse_enhancers_ensembl,False,True,1210,1210,False,random,2,6,LR,0.7851239669421488,0.8731644013387064,0.7815126050420168,968,242,0.5,0.5,0.2
dummy_mouse_enhancers_ensembl,False,True,1210,1210,False,random,2,6,RF,0.7603305785123967,0.8570452837920908,0.768,968,242,0.5,0.5,0.2
dummy_mouse_enhancers_ensembl,False,True,1210,1210,False,homology@0.5,0,4,LR,0.7851239669421488,0.8782870022539444,0.7936507936507936,968,242,0.5,0.5,0.2
dummy_mouse_enhancers_ensembl,False,True,1210,1210,False,homology@0.5,0,4,RF,0.7851239669421488,0.8658220066935319,0.7936507936507936,968,242,0.5,0.5,0.2
dummy_mouse_enhancers_ensembl,False,True,1210,1210,False,homology@0.5,0,6,LR,0.7975206611570248,0.8696810327163446,0.8,968,242,0.5,0.5,0.2
dummy_mouse_enhancers_ensembl,False,True,1210,1210,False,homology@0.5,0,6,RF,0.7479338842975206,0.8442729321767639,0.7662835249042146,968,242,0.5,0.5,0.2
dummy_mouse_enhancers_ensembl,False,True,1210,1210,False,homology@0.5,1,4,LR,0.8264462809917356,0.9079980875623249,0.832,968,242,0.5,0.5,0.2
dummy_mouse_enhancers_ensembl,False,True,1210,1210,False,homology@0.5,1,4,RF,0.7851239669421488,0.8886688067754935,0.7868852459016393,968,242,0.5,0.5,0.2
dummy_mouse_enhancers_ensembl,False,True,1210,1210,False,homology@0.5,1,6,LR,0.8223140495867769,0.8992555153336521,0.8185654008438819,968,242,0.5,0.5,0.2
dummy_mouse_enhancers_ensembl,False,True,1210,1210,False,homology@0.5,1,6,RF,0.7933884297520661,0.8736083600846937,0.8015873015873016,968,242,0.5,0.5,0.2
dummy_mouse_enhancers_ensembl,False,True,1210,1210,False,homology@0.5,2,4,LR,0.7933884297520661,0.8672904856225667,0.8062015503875969,968,242,0.5,0.5,0.2
dummy_mouse_enhancers_ensembl,False,True,1210,1210,False,homology@0.5,2,4,RF,0.7851239669421488,0.8608360084693668,0.7952755905511811,968,242,0.5,0.5,0.2
dummy_mouse_enhancers_ensembl,False,True,1210,1210,False,homology@0.5,2,6,LR,0.7603305785123967,0.8655146506386175,0.7622950819672131,968,242,0.5,0.5,0.2
dummy_mouse_enhancers_ensembl,False,True,1210,1210,False,homology@0.5,2,6,RF,0.7603305785123967,0.8347448944744211,0.768,968,242,0.5,0.5,0.2
dummy_mouse_enhancers_ensembl,False,True,1210,1210,False,homology@0.7,0,4,LR,0.7768595041322314,0.8722081825011953,0.7874015748031497,968,242,0.5,0.5,0.2
dummy_mouse_enhancers_ensembl,False,True,1210,1210,False,homology@0.7,0,4,RF,0.7727272727272727,0.8707397035721604,0.782608695652174,968,242,0.5,0.5,0.2
dummy_mouse_enhancers_ensembl,False,True,1210,1210,False,homology@0.7,0,6,LR,0.7851239669421488,0.8687248138788334,0.7868852459016393,968,242,0.5,0.5,0.2
dummy_mouse_enhancers_ensembl,False,True,1210,1210,False,homology@0.7,0,6,RF,0.7603305785123967,0.8485759169455639,0.7803030303030303,968,242,0.5,0.5,0.2
dummy_mouse_enhancers_ensembl,False,True,1210,1210,False,homology@0.7,1,4,LR,0.8099173553719008,0.8989823099515061,0.8145161290322581,968,242,0.5,0.5,0.2
dummy_mouse_enhancers_ensembl,False,True,1210,1210,False,homology@0.7,1,4,RF,0.8181818181818182,0.9000409808073219,0.8211382113821138,968,242,0.5,0.5,0.2
dummy_mouse_enhancers_ensembl,False,True,1210,1210,False,homology@0.7,1,6,LR,0.8388429752066116,0.9017143637729664,0.8381742738589212,968,242,0.5,0.5,0.2
dummy_mouse_enhancers_ensembl,False,True,1210,1210,False,homology@0.7,1,6,RF,0.7975206611570248,0.8790041663820778,0.8063241106719368,968,242,0.5,0.5,0.2
dummy_mouse_enhancers_ensembl,False,True,1210,1210,False,homology@0.7,2,4,LR,0.8016528925619835,0.8782870022539444,0.8153846153846154,968,242,0.5,0.5,0.2
dummy_mouse_enhancers_ensembl,False,True,1210,1210,False,homology@0.7,2,4,RF,0.7768595041322314,0.8686565125332969,0.7857142857142857,968,242,0.5,0.5,0.2
dummy_mouse_enhancers_ensembl,False,True,1210,1210,False,homology@0.7,2,6,LR,0.78099173553719,0.8776722901441159,0.7871485943775101,968,242,0.5,0.5,0.2
dummy_mouse_enhancers_ensembl,False,True,1210,1210,False,homology@0.7,2,6,RF,0.756198347107438,0.8362816747489926,0.7630522088353414,968,242,0.5,0.5,0.2
dummy_mouse_enhancers_ensembl,False,True,1210,1210,False,homology@0.9,0,4,LR,0.7768595041322314,0.8722081825011953,0.7874015748031497,968,242,0.5,0.5,0.2
dummy_mouse_enhancers_ensembl,False,True,1210,1210,False,homology@0.9,0,4,RF,0.7727272727272727,0.8707397035721604,0.782608695652174,968,242,0.5,0.5,0.2
dummy_mouse_enhancers_ensembl,False,True,1210,1210,False,homology@0.9,0,6,LR,0.7851239669421488,0.8687248138788334,0.7868852459016393,968,242,0.5,0.5,0.2
dummy_mouse_enhancers_ensembl,False,True,1210,1210,False,homology@0.9,0,6,RF,0.7603305785123967,0.8485759169455639,0.7803030303030303,968,242,0.5,0.5,0.2
dummy_mouse_enhancers_ensembl,False,True,1210,1210,False,homology@0.9,1,4,LR,0.8099173553719008,0.8989823099515061,0.8145161290322581,968,242,0.5,0.5,0.2
dummy_mouse_enhancers_ensembl,False,True,1210,1210,False,homology@0.9,1,4,RF,0.8181818181818182,0.9000409808073219,0.8211382113821138,968,242,0.5,0.5,0.2
dummy_mouse_enhancers_ensembl,False,True,1210,1210,False,homology@0.9,1,6,LR,0.8388429752066116,0.9017143637729664,0.8381742738589212,968,242,0.5,0.5,0.2
dummy_mouse_enhancers_ensembl,False,True,1210,1210,False,homology@0.9,1,6,RF,0.7975206611570248,0.8790041663820778,0.8063241106719368,968,242,0.5,0.5,0.2
dummy_mouse_enhancers_ensembl,False,True,1210,1210,False,homology@0.9,2,4,LR,0.8016528925619835,0.8782870022539444,0.8153846153846154,968,242,0.5,0.5,0.2
dummy_mouse_enhancers_ensembl,False,True,1210,1210,False,homology@0.9,2,4,RF,0.7768595041322314,0.8686565125332969,0.7857142857142857,968,242,0.5,0.5,0.2
dummy_mouse_enhancers_ensembl,False,True,1210,1210,False,homology@0.9,2,6,LR,0.78099173553719,0.8776722901441159,0.7871485943775101,968,242,0.5,0.5,0.2
dummy_mouse_enhancers_ensembl,False,True,1210,1210,False,homology@0.9,2,6,RF,0.756198347107438,0.8362816747489926,0.7630522088353414,968,242,0.5,0.5,0.2
human_ensembl_regulatory,True,False,289061,20000,True,original,-1,4,LR,0.5840220385674931,0.7773756976575116,0.5790569307891914,16007,3993,,,0.19965
human_ensembl_regulatory,True,False,289061,20000,True,original,-1,4,RF,0.6639118457300276,0.8404817291832041,0.6669088568319953,16007,3993,,,0.19965
human_ensembl_regulatory,True,False,289061,20000,True,original,-1,6,LR,0.5907838717756073,0.7896602158302821,0.5930389518728146,16007,3993,,,0.19965
human_ensembl_regulatory,True,False,289061,20000,True,original,-1,6,RF,0.5785123966942148,0.7839327234479648,0.567032983421479,16007,3993,,,0.19965
human_ensembl_regulatory,True,False,289061,20000,True,random,0,4,LR,0.5903855783675513,0.7833862890629856,0.5870974293526103,16006,3994,,,0.19965
human_ensembl_regulatory,True,False,289061,20000,True,random,0,4,RF,0.671256885327992,0.8456655439066906,0.674160078251879,16006,3994,,,0.19965
human_ensembl_regulatory,True,False,289061,20000,True,random,0,6,LR,0.6131697546319479,0.7987468585130847,0.6149317406607846,16006,3994,,,0.19965
human_ensembl_regulatory,True,False,289061,20000,True,random,0,6,RF,0.586880320480721,0.7878353339909143,0.5748993404268107,16006,3994,,,0.19965
human_ensembl_regulatory,True,False,289061,20000,True,random,1,4,LR,0.5871306960440661,0.7788489691487789,0.5834957490593878,16006,3994,,,0.19965
human_ensembl_regulatory,True,False,289061,20000,True,random,1,4,RF,0.6727591387080621,0.8410335625072426,0.6755277193936632,16006,3994,,,0.19965
human_ensembl_regulatory,True,False,289061,20000,True,random,1,6,LR,0.6094141211817726,0.7921897484014692,0.6116487646526615,16006,3994,,,0.19965
human_ensembl_regulatory,True,False,289061,20000,True,random,1,6,RF,0.5796194291437156,0.7804420347687812,0.567243553301681,16006,3994,,,0.19965
human_ensembl_regulatory,True,False,289061,20000,True,random,2,4,LR,0.5921382073109664,0.7814740425446294,0.5914346365740075,16006,3994,,,0.19965
human_ensembl_regulatory,True,False,289061,20000,True,random,2,4,RF,0.6735102653980971,0.8435145457710975,0.6764031316401177,16006,3994,,,0.19965
human_ensembl_regulatory,True,False,289061,20000,True,random,2,6,LR,0.614421632448673,0.8002671929111732,0.6161995286906559,16006,3994,,,0.19965
human_ensembl_regulatory,True,False,289061,20000,True,random,2,6,RF,0.5828743114672008,0.7856692539172959,0.5707932918126438,16006,3994,,,0.19965
human_ensembl_regulatory,True,False,289061,20000,True,homology@0.5,0,4,LR,0.6015018773466834,0.7836446573798425,0.5982283430478339,16005,3995,,,0.19965
human_ensembl_regulatory,True,False,289061,20000,True,homology@0.5,0,4,RF,0.6723404255319149,0.838794501887992,0.6744163615263478,16005,3995,,,0.19965
human_ensembl_regulatory,True,False,289061,20000,True,homology@0.5,0,6,LR,0.6202753441802252,0.8003799543905958,0.6214741907030094,16005,3995,,,0.19965
human_ensembl_regulatory,True,False,289061,20000,True,homology@0.5,0,6,RF,0.5867334167709637,0.7863825589658827,0.5783636998768534,16005,3995,,,0.19965
human_ensembl_regulatory,True,False,289061,20000,True,homology@0.5,1,4,LR,0.5919899874843555,0.7862635376675978,0.5884583792839645,16005,3995,,,0.19965
human_ensembl_regulatory,True,False,289061,20000,True,homology@0.5,1,4,RF,0.6785982478097622,0.8480962491929009,0.6804266715424597,16005,3995,,,0.19965
human_ensembl_regulatory,True,False,289061,20000,True,homology@0.5,1,6,LR,0.611764705882353,0.8000982976818246,0.6132799191615231,16005,3995,,,0.19965
human_ensembl_regulatory,True,False,289061,20000,True,homology@0.5,1,6,RF,0.5989987484355445,0.7949008655077489,0.5871485233813155,16005,3995,,,0.19965
human_ensembl_regulatory,True,False,289061,20000,True,homology@0.5,2,4,LR,0.5832290362953693,0.778102280874808,0.5794569138116351,16005,3995,,,0.19965
human_ensembl_regulatory,True,False,289061,20000,True,homology@0.5,2,4,RF,0.6613266583229036,0.832029464369007,0.6651084891233795,16005,3995,,,0.19965
human_ensembl_regulatory,True,False,289061,20000,True,homology@0.5,2,6,LR,0.6065081351689612,0.7981908778877456,0.6074585741042008,16005,3995,,,0.19965
human_ensembl_regulatory,True,False,289061,20000,True,homology@0.5,2,6,RF,0.5824780976220275,0.7826751145486769,0.5712692897125938,16005,3995,,,0.19965
human_ensembl_regulatory,True,False,289061,20000,True,homology@0.7,0,4,LR,0.599649474211317,0.7876070220957235,0.5956001548687772,16006,3994,,,0.19965
human_ensembl_regulatory,True,False,289061,20000,True,homology@0.7,0,4,RF,0.671757636454682,0.8428979845829386,0.6753205617194055,16006,3994,,,0.19965
human_ensembl_regulatory,True,False,289061,20000,True,homology@0.7,0,6,LR,0.6169253880821232,0.8024814663247444,0.6194085092784277,16006,3994,,,0.19965
human_ensembl_regulatory,True,False,289061,20000,True,homology@0.7,0,6,RF,0.5781171757636455,0.7809320507063164,0.567793325289485,16006,3994,,,0.19965
human_ensembl_regulatory,True,False,289061,20000,True,homology@0.7,1,4,LR,0.5928893340010015,0.7870899677169749,0.5876576536316577,16006,3994,,,0.19965
human_ensembl_regulatory,True,False,289061,20000,True,homology@0.7,1,4,RF,0.6840260390585878,0.8486230414585058,0.6862634551334525,16006,3994,,,0.19965
human_ensembl_regulatory,True,False,289061,20000,True,homology@0.7,1,6,LR,0.6011517275913871,0.7970196227821168,0.6030281475690825,16006,3994,,,0.19965
human_ensembl_regulatory,True,False,289061,20000,True,homology@0.7,1,6,RF,0.5823735603405108,0.7879727595498981,0.5696031849730199,16006,3994,,,0.19965
human_ensembl_regulatory,True,False,289061,20000,True,homology@0.7,2,4,LR,0.5936404606910366,0.7822927321723131,0.5892618797120485,16006,3994,,,0.19965
human_ensembl_regulatory,True,False,289061,20000,True,homology@0.7,2,4,RF,0.6654982473710566,0.8398118439523735,0.6685663771206181,16006,3994,,,0.19965
human_ensembl_regulatory,True,False,289061,20000,True,homology@0.7,2,6,LR,0.6086629944917376,0.8017622081473262,0.6098995810855912,16006,3994,,,0.19965
human_ensembl_regulatory,True,False,289061,20000,True,homology@0.7,2,6,RF,0.5893840761141712,0.7899343432013074,0.5802079925497063,16006,3994,,,0.19965
human_ensembl_regulatory,True,False,289061,20000,True,homology@0.9,0,4,LR,0.600400600901352,0.7848867359851367,0.5976601257899993,16006,3994,,,0.19965
human_ensembl_regulatory,True,False,289061,20000,True,homology@0.9,0,4,RF,0.6677516274411618,0.8408983898051292,0.6715417503447826,16006,3994,,,0.19965
human_ensembl_regulatory,True,False,289061,20000,True,homology@0.9,0,6,LR,0.6066599899849775,0.7971689992425278,0.6084260323392986,16006,3994,,,0.19965
human_ensembl_regulatory,True,False,289061,20000,True,homology@0.9,0,6,RF,0.5908863294942414,0.7861210858023546,0.5805812319665891,16006,3994,,,0.19965
human_ensembl_regulatory,True,False,289061,20000,True,homology@0.9,1,4,LR,0.5928893340010015,0.7864984897728045,0.5878065110903378,16006,3994,,,0.19965
human_ensembl_regulatory,True,False,289061,20000,True,homology@0.9,1,4,RF,0.6760140210315473,0.8510007572978373,0.6782630586194603,16006,3994,,,0.19965
human_ensembl_regulatory,True,False,289061,20000,True,homology@0.9,1,6,LR,0.5971457185778668,0.795754859693368,0.5990192991266098,16006,3994,,,0.19965
human_ensembl_regulatory,True,False,289061,20000,True,homology@0.9,1,6,RF,0.5941412118177266,0.7916988546150131,0.5819452966875538,16006,3994,,,0.19965
human_ensembl_regulatory,True,False,289061,20000,True,homology@0.9,2,4,LR,0.5893840761141712,0.7805084419132383,0.584773453086412,16006,3994,,,0.19965
human_ensembl_regulatory,True,False,289061,20000,True,homology@0.9,2,4,RF,0.6649974962443665,0.8390290943081945,0.6681126101253879,16006,3994,,,0.19965
human_ensembl_regulatory,True,False,289061,20000,True,homology@0.9,2,6,LR,0.6109163745618428,0.8004510154460607,0.6125784864390423,16006,3994,,,0.19965
human_ensembl_regulatory,True,False,289061,20000,True,homology@0.9,2,6,RF,0.5846269404106159,0.7881477552559454,0.5736046726527134,16006,3994,,,0.19965
