round,severity,lens,file,claim,defect,suggested_fix,status
1,major,statistician,audit/tools/certify.py,"TIER1_FINDINGS.md:191 — ""On drosophila_enhancers_stark: ... RF drop 0.0235 with cluster CI [0.0019, 0.0434]"", cited as proof the certify end-to-end path is executed correctly (check C7 = ""cluster-bootstrap CIs"").","certify.py:223 computes the CI for the drop by resampling ONLY the original-split correctness vector and subtracting the corrected-split accuracy as a fixed constant: `draws = E.cluster_boot(c_o, blocks, boot=boot) - a_c`. The repo's frozen estimator (audit/experiments/cluster_bootstrap.py:85-97, `delta_boot`) resamples BOTH arms (`do = cluster_boot(c_orig,...)`, `dc = cluster_boot(c_corr,...)`, then `do - dc`). certify therefore drops the entire variance contribution of the corrected split, understating the SE by ~1/sqrt(2). This converts a null result into a significant one on a dataset the ","Replace certify.py:223 with the frozen `delta_boot(c_o, blocks_orig, c_corr, blocks_corr, mode='cluster')` so both arms are resampled, then re-run --self-validate and correct TIER1_FINDINGS.md:191 to quote the frozen CI [-0.0067, 0.0539] (which includes zero, consistent with the clean verdict).",confirmed
1,major,statistician,results/TIER1_FINDINGS.md,"Line 3-4: ""Companion to results/tier1_preregistration.md (registered 2026-07-18T20:07:54Z at commit 6b0360b). Every number below traces to a committed CSV named in its row.""","Neither half is true. No Tier-1 artifact is committed to git — every new script and every new CSV is an untracked working-tree file, including the pre-registration itself. Commit 6b0360b contains exactly one file (EXECUTION_PLAN.md) and does not contain tier1_preregistration.md, so there is no commit-anchored registration. The files are also actively mutating: results/crosssuite_census.csv changed from 3382 bytes @16:11 to 3374 bytes @16:19, and results/inversion_law_anchors.csv from 15:56 to 16:20, during this audit session.","Commit the Tier-1 scripts and CSVs, record the real commit hash, and either drop the word ""registered"" or anchor the pre-registration in a commit that provably predates the result files.",confirmed
1,major,statistician,results/TIER1_FINDINGS.md,"Line 50, table row P1: ""`a_orig ≈ n + φ·g` | **non-trivial** | mean abs err 0.0020 (ensembl), 0.0175 (nonTATA)""; and Headline line 18-19: ""A two-stratum identity a = n + φ·g reconstructs as-shipped accuracy to 0.2 pp on the airtight dataset"" — offered as evidence #1 for a ""predictive law"".","P1 is a pure arithmetic identity, not a prediction. The code's own 4-bin control proves it: recon_err_4bin is 0.0000 for all 4 ensembl models and mean 7.5e-05 for nonTATA, which is only possible if acc_orig_obs (from exp_rankings.csv) is exactly the bin-weighted mean of the same graded accuracies (graded_performance.csv) — i.e. the same prediction vector on the same test set, re-aggregated. The residual 0.0020/0.0175 is therefore entirely the dropped mid-bin mass (§1 line 57-59 admits this), not evidential support. exp_inversion_law.py:39-40 states ""non-trivial (a_orig measured independently o","Relabel P1 ""identity / arithmetic consistency check"" alongside the existing TAUTOLOGY row, and remove ""reconstructs as-shipped accuracy to 0.2 pp"" from the headline evidence for the law.",confirmed
1,major,statistician,results/TIER1_FINDINGS.md,"Line 51, P2 row: ""corrected winner = argmax(n) | **out of sample** | ensembl **4/4** readouts; nonTATA **3/4**"".","One of the four ""readouts"" is a tautology counted as a hit. exp_inversion_law.py:174 sets pred_corr_winner = argmax_m(n_m); line 187 sets obs_corr_winner = novelonly_ranking.csv `best_novel_model`, which is itself argmax over the same novel-stratum accuracies. The `novel_only` row therefore compares argmax(n) against argmax(n) and can never fail. Removing it gives ensembl 3/3 and nonTATA 2/3. Separately, nonTATA's single genuine failure is on `corrected_acc` — the canonical readout under results/reconciled_numbers.md's .predict() decision rule and the metric the report card uses — which the do","Drop the `novel_only` row from the P2 tally (or mark it tautological), report 3/3 and 2/3, and state that the nonTATA failure falls on the canonical corrected-accuracy readout.",confirmed
1,major,genomics,audit/experiments/exp_construction.py,"exp_construction.py:12-15 and PROVENANCE[human_enhancers_ensembl] (line 69): positives are 'the raw FANTOM5 enhancer union over 808 CAGE libraries', i.e. an 'UN-MERGED UNION of experimentally-called regions that tiles recurring loci'. Repeated as the 'decisive evidence' in results/TIER1_FINDINGS.md:","The module's own output contradicts the stated mechanism. A union over 808 independently-called library tracks would produce (a) a broad multiplicity spectrum and (b) jagged, non-identical boundaries with graded reciprocal overlap. Observed instead: multiplicity is capped at exactly 2 with zero triples, and dup_frac_0.5 == dup_frac_0.9 == dup_frac_1.0 == 0.9426 exactly, i.e. no graded overlap structure at all. The signature is a flat 2x row duplication, not an un-merged union or tiling. Further, 40,934 unique coordinates is consistent with the FANTOM5 permissive-enhancer atlas already being a ","Either produce the GB construction notebook / FANTOM5 per-library provenance that shows a union step, or restate the mechanism as what the data shows: exact 2x row duplication of an already-merged atlas. Do not describe it as 'un-merged union tiling recurring loci'.",confirmed
1,major,genomics,results/construction_signatures.csv,"exp_construction.py declares demo_coding_vs_intergenomic_seqs CLEAN on coordinate geometry (R_self=0.0, xsplit_ge1bp=0.0, xsplit_ge50pct=0.0 for the coding_seqs class), and results/TIER1_FINDINGS.md:157 attributes the coord-vs-sequence disagreement on this dataset to 'paralog/repeat homology invisib","The coding_seqs class does not ship genomic coordinates at all — it ships TRANSCRIPT-LOCAL coordinates keyed by ENST accession. Every one of the 50,000 rows has a unique region value, so _index() (line 190) can never place two intervals in the same (region, bin) and every coordinate statistic for that class is structurally zero rather than measured. Two isoforms of the same gene, or a gene and its paralog, share exonic sequence but have different ENST ids and are invisible by construction. The zeros are vacuous, yet they are reported in the same table and the same units as genuinely-measured z","Mark coding_seqs (and the demo_coding ALL row) as NOT MEASURABLE in coordinate space, exclude it from the separation margin, and state that the coord rule has no coverage on this dataset rather than that it 'agrees'.",confirmed
1,major,genomics,results/TIER1_FINDINGS.md,Section 2.2 'Cross-modal prediction' (lines 142-152) presents a two-row table — human_enhancers_ensembl (0.3776 predicted vs 0.3802 measured) and 'all six clean/borderline' (<=0.0077 vs <=0.024) — concluding 'The Ensembl agreement is 0.26 pp'.,"1 + 6 = 7. The missing eighth dataset is human_nontata_promoters, the other LEAKY dataset and the only other case with any signal — and it is the one where the prediction fails. It is silently absent from both rows. Of the two datasets where the cross-modal prediction is non-trivial, it succeeds on one and overpredicts by 53% on the other. The section reads as an 8-dataset validation of a cross-modal prediction that is actually validated on a single point.",Print all eight rows (the code at exp_construction.py:399-400 already does) and state that the cross-modal agreement holds on human_enhancers_ensembl only.,confirmed
1,major,ml-rigor,results/TIER1_FINDINGS.md,"Headline line 20: the law ""predicts the Ensembl inversion (φ = 0.380 ≫ φ* = 0.063) and the nonTATA non-inversion (δ < 0 for every RF pair) from the *same* inequality, with zero fitted parameters.""","There is no ""nonTATA non-inversion"" to predict. The repo's own frozen artifact says nonTATA's ranking DOES invert. The headline converts a false negative into a claimed success by silently switching the ground truth from the corrected-split ranking (the paper's definition of inversion) to the novel-stratum ordering. Scored against the corrected-split ranking that the paper itself uses, the law has 1/7 sensitivity.","State the law's operating point honestly: precision 1/1, recall 1/7 against corrected-split inversions. Delete ""predicts ... the nonTATA non-inversion"" or restate it as ""the law abstains on nonTATA, where 4 corrected-accuracy inversions in fact occur"" — §1.3 already concedes this as a sufficient-con",confirmed
1,major,ml-rigor,results/TIER1_FINDINGS.md,"Line 51: ""P2 | corrected winner = argmax(n) | **out of sample** | ensembl **4/4** readouts; nonTATA **3/4**""","One of the four readouts per dataset is a tautology, not an out-of-sample test. The `novel_only` readout compares pred_corr_winner = argmax_M n_M against obs_corr_winner = novelonly_ranking.best_novel_model, which is argmax over the identical novel-stratum accuracies. It is True by construction and can never fail, yet it is counted in the 4/4 and 3/4 scores. Its `orig_match` column is likewise a duplicate of the acc/original row.",Drop the novel_only readout from the score (it belongs with obs_form_identity_check as an internal check). Genuine out-of-sample result is ensembl 3/3 and nonTATA 2/3 — and 1/2 on the canonical accuracy metric.,confirmed
1,major,ml-rigor,audit/tools/certify.py,"Module docstring lines 34-35: ""a dataset is only certified CLEAN when every applicable check passes, whereas ONE failing check is enough to flag it."" TIER1_FINDINGS.md:187 lists eight checks C1–C8 as the standard.","Four of the eight advertised checks cannot affect the verdict in the real certification path. C8 (coordinate geometry) is never computed in certify_dataset and verdict_from is called without the `coord` argument, so C8 exists only inside --self-validate. C3 (engine_agreement) and C7 (drop CIs, ICC) are recorded into the report but never read by any verdict expression. C1 (full scale) is not checked at all — nothing verifies the input was not subsampled. A dataset with engine_agreement=False and a drop CI containing 0 still certifies CLEAN.","Either wire C1/C3/C7/C8 into verdict_from (pass `coord`, gate CLEAN on engine_agreement is not False and on full-scale input), or amend the docstring and TIER1 §3 to state that C1/C3/C7/C8 are reported diagnostics and only C2/C4/C5/C6 are verdict-bearing.",confirmed
1,major,reviewer,results/TIER1_FINDINGS.md,"Line 260, §5 table: ""| single-suite, n = 1, not systematic | #1-A | 4 leaky tasks in a second, independently built suite; 25 % byte-identical |"" under the heading ""## 5. Reviewer wires closed by Tier 1"" (line 256).",The reviewer objection was that the RANKING-INVERSION claim rests on n=1. A leak census establishes that near-duplicates exist in a second suite; it does not establish that any ranking is distorted there. No model is trained on NT at all. The document contradicts itself 10 lines later.,"Move this row out of ""wires closed"" into a ""partially addressed"" row reading ""leak census only; ranking inversion on suite 2 not demonstrated"".",confirmed
1,major,reviewer,audit/experiments/exp_construction.py,"TIER1_FINDINGS.md:24 ""separates the leaky from the clean datasets 8/8"" and line 128 ""**8/8 agreement.**""","The 8/8 is manufactured by recoding the one adversarial dataset. exp_construction.py:375 collapses the three-level sequence verdict to binary by mapping borderline→CLEAN, which converts the coordinate rule's known miss on demo_coding_vs_intergenomic_seqs into an agreement. Under the opposite (and equally arbitrary) binarization the rule scores 7/8.","Report ""7/8 under borderline→LEAKY, 8/8 under borderline→CLEAN"" and state the rule's sensitivity is 2/3 of leak mechanisms.",confirmed
1,major,reviewer,results/TIER1_FINDINGS.md,"Line 52, P3 row: ""| P3 | reg-path rank, 22 cells | **out of sample**, 0 params | **21/22** ..."" and preregistration R3 (tier1_preregistration.md:107-108): ""Predicted RF as-shipped rank disagrees with the observed `rf_rank_orig` on more than 10% of the 22 regularization-path cells.""","P3 is not out of sample and carries no content beyond P1. It predicts the AS-SHIPPED rank from strata of the very same as-shipped test set, i.e. it is the identity a = n + φ·g re-expressed as an ordering. Nothing in P3 touches a corrected split or any held-out data. Labelling it ""out of sample"" is the core of the 'obvious algebra dressed up' charge, and R3 is near-unfalsifiable given R1 passes.","Relabel P3 ""in-sample restatement of P1 across 22 hyperparameter settings"". The genuinely out-of-sample claims are P2 (corrected winner from as-shipped n) and P4 (held-out f).",confirmed
1,major,reviewer,results/TIER1_FINDINGS.md,"Lines 26-27: ""**An executable standard.** `certify` reproduces the paper's published 8-dataset verdicts end to end"" and line 190: ""**The end-to-end path is executed, not merely specified.**""","Three problems. (1) `--self-validate` is not end-to-end: it reads three frozen CSVs and applies a threshold; it re-runs no similarity computation, no model, and none of C1-C8. (2) It is circular for 7 of 8 datasets — it applies `jac > 0.1` to `leakage_report_card.csv:leak_at_0p7`, the identical threshold on the identical column that produced the published verdict at report_card.py:49. (3) The genuinely end-to-end path was executed on 1 of 8 datasets, and both committed reports are that same dataset.","Say ""`--self-validate` recomposes 8/8 verdicts from committed CSVs (a regression gate on the frozen tables); the full C1-C8 path has been executed end-to-end on 1 of 8 datasets (drosophila_enhancers_stark)"". Run the remaining 7 before claiming a standard.",confirmed
1,major,numbers,results/TIER1_FINDINGS.md,"§3 line 191-192: on drosophila_enhancers_stark, ""RF drop 0.0235 with cluster CI [0.0019, 0.0434]"" (excludes 0), presented as the end-to-end certify evidence.","This CI contradicts the pre-existing frozen artifact for the identical quantity, and the contradiction flips the exclude-zero verdict. certify.py computes the drop CI by resampling ONLY the original-split correctness vector and subtracting the corrected accuracy as a fixed scalar, ignoring all corrected-split variance. The frozen cluster_bootstrap.delta_boot resamples both sides independently — its own docstring says this is what matches 'the paper's construction'. certify's new standard therefore understates uncertainty relative to the method the paper declares.","Make certify.py C7 resample both splits via delta_boot, or state in §3 that the certify CI is conditional on the corrected accuracy and cite the frozen [-0.0067, 0.0539] as the paper's own interval for stark.",confirmed
1,major,numbers,results/TIER1_FINDINGS.md,"Headline line 25 and §2 line 128 and §5 line 261: the coordinate rule ""separates the leaky from the clean datasets 8/8"".","The 8/8 is manufactured by recoding the `borderline` sequence verdict to `CLEAN` before comparison. demo_coding_vs_intergenomic_seqs is coord CLEAN but sequence borderline, and is counted as an agreement. The same document, twelve lines later, uses that exact dataset as the example of the rule FAILING (mechanism 3: 'coordinates clean, sequence leaky'). Both statements cannot be true. Strict agreement is 7/8 with one miss. This also bears on the pre-registration's claim that refutation condition R5 did not fire.","Report '7/8 strict, 8/8 when borderline is grouped with clean' and state the recoding explicitly, or reclassify demo_coding as a disclosed miss consistent with §2.4.",confirmed
1,major,numbers,results/TIER1_FINDINGS.md,"§2.2 lines 145-152: the 'Cross-modal prediction' table, concluding ""The Ensembl agreement is 0.26 pp.""","The table presents 7 of the 8 datasets and omits the single dataset where the cross-modal prediction fails badly. human_nontata_promoters — the other LEAKY dataset, and the one the section's framing most needs to cover — has a coordinate-predicted leak of 0.3434 against a measured sequence leak of 0.225, an error of 11.8 pp: 45x the 0.26 pp figure headlined as the section's result. Presenting only the best-agreeing leaky dataset plus the six easy clean ones misrepresents the cross-modal agreement claim.","Add the human_nontata_promoters row to the §2.2 table and state that coordinate geometry over-predicts sequence leak there by 11.8 pp, or narrow the claim to exact-duplication datasets.",confirmed
1,major,repo,results/requirements.txt,REPRODUCE.md:12 instructs `pip install -r results/requirements.txt` as the complete environment setup for reproducing the repo.,"`huggingface_hub` is imported unguarded at exp_crosssuite_census.py:94 (`from huggingface_hub import hf_hub_download`) but is absent from requirements.txt. A fresh clone following the documented setup gets ImportError and cannot run the cross-suite census — the module behind the paper's strongest external claim (§4, the second suite / 25% byte-identical result). The package was installed ad hoc in this session's venv only.",Add `huggingface_hub==1.24.0` to results/requirements.txt and to the manual install line in REPRODUCE.md:13.,confirmed
1,major,repo,results/TIER1_FINDINGS.md,"§2.2 'Cross-modal prediction' (lines 147-152) tabulates human_enhancers_ensembl (0.3776 predicted vs 0.3802 measured) and 'all six clean/borderline' (≤0.0077 vs ≤0.024), concluding ""The Ensembl agreement is **0.26 pp**.""","The table covers 7 of 8 datasets. human_nontata_promoters — the other LEAKY dataset, and the one where the coordinate predictor performs worst — is silently omitted. Its coordinate prediction misses by 11.8 pp (a 53% relative overshoot), roughly 49x the 0.24 pp agreement headlined for ensembl. Showing only the better-fitting of the two LEAKY cases materially overstates the cross-modal predictive accuracy that §2.2 exists to establish.",Add the nonTATA row to the §2.2 table and note that the coordinate predictor tracks the exact-duplication mechanism well but over-predicts under the window-tiling mechanism.,confirmed
1,major,repo,results/TIER1_FINDINGS.md,"§1.4 (lines 98-100): ""Breakdown point φ* = 0.0123/0.3015 = **0.0408** ⇒ critical injection **f* = 0.0106** ... The observed flip occurs between f = 0 (LR > RF) and f = 0.1 (RF > LR), bracketing f*."", presented within the section headed ""Out-of-sample sweep 2"".","The bracketing test has essentially no power and the quantity tested is not out of sample. The injection grid has only f in {0, 0.1, 0.2, 0.4}, so ANY predicted f* in (0, 0.1) is 'bracketed' — the specific value 0.0106 is unfalsifiable at this resolution. Separately, h_RF/h_LR (hence g, Dg, and phi*) are fitted at f=0.1, so phi* is derived from data inside the very interval the flip is observed in — unlike the genuinely held-out f=0.2/0.4 cells that legitimately support P4.","Either add injection cells near f=0.01 (e.g. 0.005/0.01/0.02) to make f* falsifiable, or label the f* result a consistency check rather than an out-of-sample validation.",confirmed
1,major,regression,audit/experiments/exp_inversion_law.py,TIER1_FINDINGS.md:51 — 'P2 | corrected winner = argmax(n) | **out of sample** | ensembl **4/4** readouts; nonTATA **3/4**'.,"One of the four readouts per dataset ('novel_only') is a tautology, not an out-of-sample test. part_winner computes pred_corr_winner = argmax_M n_M where n_M is graded_performance.csv accuracy in sim_bin '[0,0.5)', then compares it against novelonly_ranking.csv's best_novel_model — which check2_novelonly_ranking.py:29-31,52 defines as argmax over that identical column of that identical CSV. The comparison is guaranteed True by construction and can never fail. This is exactly the circularity the module flags for the 'observable form' at exp_inversion_law.py:29-35, but it is not flagged here. Ge",Drop the novel_only row from the P2 tally (or mark it tautological in the CSV as the pairs table already does with obs_form_is_tautological) and restate P2 as 3/3 and 2/3.,confirmed
1,major,regression,results/TIER1_FINDINGS.md,"§2.2 cross-modal table lists only 'human_enhancers_ensembl | **0.3776** | **0.3802**' and 'all six clean/borderline | ≤ 0.0077 | ≤ 0.024', concluding 'The Ensembl agreement is **0.26 pp**.'","The table covers 7 of the 8 datasets. human_nontata_promoters — the other LEAKY set, i.e. half of the positive class the rule is being validated on — is silently omitted, and it is the case where the cross-modal prediction misses badly: coordinate-predicted 0.3434 vs measured sequence leak@0.9 of 0.225, an 11.8 pp error, 45x the 0.26 pp agreement showcased for Ensembl. Presenting the one good agreement and dropping the one bad one overstates the cross-modal claim.","Add the nonTATA row to the §2.2 table and state the cross-modal agreement as 'exact for the exact-duplication mechanism (Ensembl, 0.26 pp), poor for the window-tiling mechanism (nonTATA, 11.8 pp)' — which is consistent with the §2.4 three-mechanism taxonomy.",confirmed
1,minor,statistician,results/TIER1_FINDINGS.md,"Line 86-87: ""which makes it a **sufficient condition**: across all 12 pairs it produced **zero false 'inversion' calls**. Missing an inversion is the safe direction; inventing one is not."" (and line 55's supporting 11/12 `agree_phi_g_vs_novel`).","A false positive is algebraically impossible on this readout, so ""zero false positives out of 12"" carries no information. exp_inversion_law.py:144 sets pred_inv = (delta > 0 and phi*Dg > delta); exp_inversion_law.py:152-153 sets obs_novel_inv from c_novelonly_ranking, which is exactly the ordering by n. Since delta = n_B − n_A, the condition delta > 0 IS obs_novel_inv. Hence pred ⇒ obs, always. Only 2 of 12 pairs even have delta > 0, so 10 of the 11 ""agreements"" are free. The real score is 1 hit / 1 miss out of 2 informative pairs. A rule that never predicts inversion scores the same 12/12 on ","State that the novel-stratum readout is definitionally implied by delta>0, report the informative denominator (1/2 hits, or 1/7 against corrected accuracy), and drop ""zero false inversion calls across all 12 pairs"".",confirmed
1,minor,statistician,results/TIER1_FINDINGS.md,"§4 tables (lines 216-228) report only `jac` and `exact` columns; the row ""H3K4me2 / H3K9ac | 0.0124 / 0.0101 | ... | borderline → clean"" presents those Jaccard values as the evidence for the ""borderline"" verdict.","The verdict function never uses those numbers to reach ""borderline"". exp_crosssuite_census.py:143-145 assigns LEAKY on jaccard>0.1, else borderline on **containment**>0.1, else clean. All three NT-original borderline calls are driven purely by containment, which the doc never shows. The displayed Jaccards are actively misleading: H3K4me2's 0.0124 is *higher* than H3K4me1's 0.0139... in fact H3K4me1 at jac 0.0139 is called **clean** while H3K4me2 at the lower jac 0.0124 is called **borderline**, which is unexplainable from the numbers the reader is given. This also violates the repo's own certi",Add a containment column to both §4 tables and note that the three borderline NT-original calls are containment-only.,confirmed
1,minor,genomics,results/construction_rule.csv,"results/TIER1_FINDINGS.md:128 '8/8 agreement'; exp_construction.py:394 prints agreement over len(rule)=8 datasets, with human_ocr_ensembl and human_ensembl_regulatory presented (TIER1_FINDINGS.md:121-122, exp_construction.py:78-84) as two confirmations that 'merged segmentation consensus' predicts C","human_ocr_ensembl's positive class and human_ensembl_regulatory's ocr class are the SAME intervals, bit-identical in both train and test. These are not two independent tests of the merged-consensus prediction; they are one dataset counted twice. The denominator 8 overstates the evidence, and the 'merged segmentation consensus' category rests on a single independent observation, not two.",Report effective n=7 (or state the shared class explicitly) and stop describing the two Ensembl-Regulatory-Build rows as independent confirmations.,confirmed
1,minor,genomics,audit/experiments/exp_construction.py,"PROVENANCE['human_nontata_promoters'] (lines 72-76) sets positive_source='EPDnew fixed 251 bp TSS windows', category='fixed window over recurring loci, redundancy filter omitted', merge_step='none (community-standard CD-HIT-EST 0.8 step not applied)', predicted='LEAKY'; exp_construction.py:395 count","Every field of this provenance entry describes the POSITIVE class, but the positives are CLEAN by the module's own rule: xsplit_ge50pct=0.0417 and R_self=0.0474, both below the THRESH=0.1 cut. All the redundancy is in the NEGATIVE class (xsplit_ge50pct=0.9920, R_self=0.9605), whose provenance the table does not describe at all. The provenance layer therefore scores a 'hit' via a mechanism located in a class its own text says nothing about — the LEAKY prediction is right for the wrong reason, yet it is counted as evidence that the provenance taxonomy is predictive. TIER1_FINDINGS.md:151-155 con","Add the negative-class construction (the random/shifted-window negative sampler) to PROVENANCE, or drop nontata from the provenance-agreement count and state that the provenance taxonomy as written does not predict this dataset's redundancy source.",confirmed
1,minor,genomics,results/TIER1_FINDINGS.md,"Line 110-111: coordinates were 'verified against the sequence data: recovered interval width equals sequence length for 100 % of rows in all 8 datasets (construction_alignment_check.csv)', offered as proof of the 1:1 alignment with expkit.load() row order (exp_construction.py:142-149,174-181).","len_match=1.0 is vacuous for half the suite. In demo_coding_vs_intergenomic_seqs, demo_human_or_worm, human_enhancers_cohn and human_nontata_promoters every interval has an identical width (200/200/500/251 bp, exactly 1 distinct length per file), so len_match=1.0 holds under ANY permutation and proves nothing about ordering. human_ensembl_regulatory's enhancer class has only 12 distinct widths. The published construction_alignment_check.csv carries no column letting a reader tell an informative 1.0 from a vacuous one. (Mitigating and verified: all four vacuous datasets have glob_match=True, an",Add an n_distinct_widths column to construction_alignment_check.csv and qualify the claim: alignment is glob-verified for six datasets and width-verified (informatively) for the two zip-only ones; the width check is uninformative where it coincides with glob verification.,confirmed
1,minor,genomics,audit/experiments/exp_construction.py,"exp_construction.py:375-376 remaps seq_verdict 'borderline' -> 'CLEAN' before computing coord_agrees_seq, yielding the headline '8/8 agreement' (TIER1_FINDINGS.md:128) even though the TIER1 table at line 126 displays demo_coding's sequence verdict as 'borderline'.",The single dataset where the coordinate rule and the sequence measurement point in different directions is converted into an agreement by a remap that is applied silently and is never justified. Under the opposite (equally defensible) remap the score is 7/8. This matters because demo_coding is also the dataset whose coordinates are half transcript-local and therefore unmeasurable — so the one case that could have falsified the coordinate rule is neutralised twice over.,"Report both scores (8/8 with borderline as clean, 7/8 with borderline as leaky) and state the remap in the findings text, not only in code.",confirmed
1,minor,ml-rigor,audit/experiments/exp_inversion_law.py,"exp_inversion_law.py:39-40 — ""P1 reconstruction : a_orig ≈ n + phi*g -- non-trivial (a_orig measured independently of the stratified quantities)""; TIER1_FINDINGS.md:50 marks P1 status ""non-trivial"".","a_orig is NOT measured independently of the stratified quantities. It is the bin-count-weighted mean of the very same per-bin accuracies (same model, same fit, same test set). The reconstruction is the law of total probability, i.e. pure arithmetic; the residual measures only the 2-bin approximation of the mid bins, not any predictive validity. The paper's own ""exact 4-bin identity 0.0000/0.0001"" is the proof that it is an identity.","Reclassify P1 as ""algebraic identity / internal consistency check"", alongside the observable form that lines 29-35 already correctly flag as tautological. The only reportable content is the mid-bin approximation error (0.0020 ensembl / 0.0175 nonTATA), which should be framed as an approximation qual",confirmed
1,minor,ml-rigor,audit/experiments/exp_construction.py,"TIER1_FINDINGS.md:128 ""**8/8 agreement.** Separation: min LEAKY 0.7552 vs max CLEAN 0.0730 — a 10.3× gap"", supported by construction_rule.csv's coord_agrees_seq column being True on all 8 rows.","The 8/8 is produced by collapsing the one disagreeing case before the comparison. demo_coding_vs_intergenomic_seqs has coord_verdict=CLEAN and seq_verdict=borderline — a disagreement — but line 375 recodes borderline→CLEAN prior to the equality test, so it scores as agreement. The §2 table prints ""CLEAN | borderline"" side by side on that row without noting the collapse, and §2.4 separately concedes this mechanism is ""invisible to coordinates"".","Report ""7/8 exact agreement on the 3-level scale; 8/8 under the escalate-only binarisation (borderline→CLEAN), with demo_coding the single coordinate-invisible case"". State the binarisation in the caption, not only in §2.4.",confirmed
1,minor,ml-rigor,results/TIER1_FINDINGS.md,"Lines 52 and 262: ""P3 | reg-path rank, 22 cells | **out of sample**, 0 params | **21/22**"" and ""the law *predicts* the reg-path outcome, 21/22 cells, zero free parameters"".","The 21/22 has almost no discriminative content, and the single failure is the only genuinely discriminative cell. 16 of 22 cells have observed rank 4 with the nearest competitor 0.012–0.086 away — a rank call that survives any reconstruction error. The one cell where the margin is tight (0.0008) is exactly the one the law gets wrong. The reconstruction is also systematically biased low on nonTATA, which the reported mean-|err| conceals.","Report the rank-margin distribution alongside the 21/22, note the failure is the only sub-0.01-margin cell, and report signed bias (nonTATA -0.021 mean) rather than only mean absolute error.",confirmed
1,minor,reviewer,results/TIER1_FINDINGS.md,"Line 102-103: ""Contaminating a **clean** benchmark with 1 % of its own training data is enough to change which model wins."" Preceded at line 99 by ""injecting ~1 % of train into test should flip RF past LR.""","Stated as an established result, but the f=0.01 experiment was never run. The injection grid contains no cell between f=0 and f=0.1, so f*=0.0106 is an untested extrapolation. Line 100's defence — ""The observed flip occurs between f = 0 ... and f = 0.1 ..., bracketing f*"" — is vacuous: any f* in (0,0.1) is ""bracketed"", so the bracket cannot discriminate f*=0.0106 from f*=0.09.","Run the f≈0.01 cell (and f=0.005/0.02 to localise the flip). Until then, rewrite as ""the law predicts a flip at f*=0.0106; this prediction is registered but not yet tested — the current grid only bounds the flip to (0, 0.1)"".",confirmed
1,minor,reviewer,results/TIER1_FINDINGS.md,"Line 238-239, §4.1: ""**Task names, biology and authorship are held constant; only curation changed — and the leakage vanished.**"" Supported by exp_crosssuite_census.py:16-18: ""The two ship the SAME TASK NAMES, so the pair isolates CURATION from BIOLOGY"".","Sequence length also changed, in 9 of 13 tasks, and the estimator is 8-mer Jaccard, which is monotonically depressed by length inflation. The confound is strongest on precisely the two flagship tasks. ""Only curation changed"" is false on the authors' own columns, and the headline ""25.0 % byte-identical → 0.0000"" is guaranteed by the length change alone: a 199-200 bp sequence cannot be byte-identical to a 400 bp sequence under any curation policy.","Restrict the natural-experiment claim to the 5 length-matched tasks (where acceptors 0.2435→0.0007 and donors 0.2452→0.0010 still carry it), and report the other 8 separately as length-confounded.",confirmed
1,minor,reviewer,results/TIER1_FINDINGS.md,"Lines 229-232: ""**Independently verified** (not via the census code): NT-original `enhancers` ships 400 test sequences of which **exactly 100 are byte-identical to a training sequence**, label concordance **1.0**; train itself holds 14,968 rows on 14,002 unique sequences.""","No committed artifact supports the 14,002-unique figure or the NT label concordance of 1.0, and the document opens (line 4) with ""Every number below traces to a committed CSV named in its row."" This row names no CSV. The claimed independent check also cannot have come from the repo's duplicate counter, which never touches NT.","Commit the verification script and its output CSV, or delete the ""independently verified"" sentence and cite only the census figure.",confirmed
1,minor,numbers,results/TIER1_FINDINGS.md,"§2.1 lines 139-141: ""human_ocr_ensembl / human_ensembl_regulatory (Regulatory Build 'MultiCell' merged consensus): self-overlap exactly 0.0000 in every class.""","False for human_ocr_ensembl, and contradicted by this document's own table 18 lines earlier. Its negative class has non-zero self-overlap. Only human_ensembl_regulatory is exactly 0.0000 in every class. Since §2.1 is billed as 'the decisive internal-Ensembl contrast', the overstatement is load-bearing.","Change to 'self-overlap 0.0101 and exactly 0.0000 respectively', or restrict the 'exactly 0.0000' claim to human_ensembl_regulatory.",confirmed
1,minor,numbers,results/tier1_preregistration.md,"§1 line 52: the frozen anchor row δ=+0.0122, Δg=0.1929, φ*=0.0633, presented under the stated definition φ* = δ/Δg (line 45). Repeated at TIER1_FINDINGS.md:19 and :68.","φ* is not reproducible from the δ and Δg printed beside it: 0.0122/0.1929 = 0.06324, which rounds to 0.0632, not 0.0633. The two committed CSVs also disagree with each other on this and on several nonTATA values, because one rounds the anchors before dividing and the other divides at full precision. A reviewer recomputing from the printed table gets a different last digit.","Print φ* to the precision implied by the displayed δ and Δg (0.0632), or add a footnote that φ* is computed from unrounded anchors and reconcile inversion_law_pairs.csv with inversion_law_bootstrap.csv.",confirmed
1,minor,repo,results/TIER1_FINDINGS.md,"Line 4: ""Every number below traces to a committed CSV named in its row."" Repeated at §3 (line 181): certify ""recomposes the published verdicts from committed CSVs"".","No Tier-1 CSV is committed. All four new modules and all ~22 output CSVs are untracked in git. The document's central provenance guarantee is false as written, and a reviewer cloning the repo would receive none of these files.","Commit the four modules and their outputs before making the provenance claim, or reword line 4 to 'traces to a CSV in results/ named in its row'.",confirmed
1,minor,repo,results/tier1_preregistration.md,"Lines 3-4: ""**Registered:** 2026-07-18T20:07:54Z / **Repository state at registration:** `6b0360bd920ab26c62d405ab374ca6bea119b3a3`"", with §0 grading the §4 forward predictions ""**STRONG / BINDING** ... These are the ones a reviewer should hold us to.""","The pre-registration file is untracked and appears in no commit, so nothing was actually registered. There is no tamper-evident timestamp binding it to 6b0360b or to any state; the file can be edited freely after results are seen. The 'STRONG / BINDING' grade cannot be earned by an uncommitted local file. (The document is otherwise commendably honest — it correctly self-labels §2/§3 as RETROSPECTIVE and §1-A as WEAK. The defect is specifically the unearned 'registered at commit' framing.)","Commit the prereg (ideally signed/tagged) before generating further results, and restate the registration line as the commit that actually contains the file.",confirmed
1,minor,regression,results/TIER1_FINDINGS.md,Lines 3-4: 'Companion to results/tier1_preregistration.md (registered 2026-07-18T20:07:54Z at commit 6b0360b).',"The pre-registration file has never been committed to the repository in any branch, and commit 6b0360b does not contain it. A pre-registration that exists only as an uncommitted working-tree file carries no temporal guarantee — the predictions it 'registered' could have been written after the results. This matters because §4.2 leans on the prereg to claim two predictions were made in advance and then falsified.","Commit the prereg (and the PREREGISTERED dict in exp_crosssuite_census.py:63-66) before running the census, and cite the actual commit hash; or drop the word 'registered' and the timestamp.",confirmed
1,minor,regression,results/TIER1_FINDINGS.md,"§2.1: 'human_ocr_ensembl / human_ensembl_regulatory (Regulatory Build ""MultiCell"" merged consensus): self-overlap **exactly 0.0000** in every class.'","False for human_ocr_ensembl. Its negative class has R_self = 0.0101, dup_frac_0.5 = 0.0082, dup_frac_0.9 = 0.0002 — none of which are exactly zero. Only dup_frac_1.0 is 0.0000. The §2 table two paragraphs earlier in the same document prints R_self = 0.0101 for this dataset, so the claim contradicts its own table.",State 'zero exact-duplicate intervals; self-overlap R_self 0.0101 (ocr) and 0.0000 (regulatory)'.,confirmed
1,minor,regression,audit/experiments/exp_construction.py,TIER1_FINDINGS.md:128 '**8/8 agreement**' for the coordinate construction rule.,"The 8/8 is obtained by collapsing the sequence verdict 'borderline' to 'CLEAN' before comparison (exp_construction.py:375), so demo_coding_vs_intergenomic_seqs — coordinate CLEAN, sequence borderline — is scored as an agreement. §2.4 of the same document lists that exact dataset as the example of the 'paralog/repeat homology' mechanism where 'coordinates clean, sequence leaky', i.e. a case the coordinate rule misses. The document therefore counts one dataset as both a hit and a documented blind spot.","Report '7/8 exact, 8/8 on the binary leaky-vs-not collapse, with demo_coding a known coordinate blind spot' rather than an unqualified 8/8.",confirmed
1,nit,genomics,audit/experiments/exp_construction.py,"Docstring lines 33-35: overlap is strand-agnostic because 'strand is NaN for human_ocr_ensembl and human_ensembl_regulatory, so a strand-aware rule would not be uniformly applicable'.",For human_ocr_ensembl the statement is only half true: strand is NaN for 100% of the positive class but 0% of the negative class (both splits carry '+'). The justification as written overstates the missingness. (The strand-agnostic decision itself is sound and I verified it does not corrupt the flagship result — see evidence.),Reword to 'strand is NaN for the positive class of human_ocr_ensembl and for all classes of human_ensembl_regulatory'.,confirmed
1,nit,reviewer,results/TIER1_FINDINGS.md,"Line 242 heading: ""### 4.2 Two pre-registered predictions were WRONG, and are reported as such"", followed by two bullets (promoters clean; leakage is task-level).","Materially understates the miss rate, and one of the two 'failures' is not a prediction. The registration is a single suite-level label applied to all 13 tasks; it called LEAKY and got LEAKY on only 4/13. Six tasks came out clean and three borderline — nine misses, not two. Bullet 2, ""Leakage is task-level, not suite-level"", is a conclusion drawn after the fact, not a registered call that failed. The three clean histone tasks (H3K4me1, H3K4me3, H3K36me3) that also contradicted the registration go unmentioned.","Retitle: ""The suite-level pre-registration was wrong: NT-original was registered LEAKY and only 4 of 13 tasks are LEAKY (6 clean, 3 borderline)."" Report the 4/13 hit rate explicitly.",confirmed
1,nit,numbers,results/tier1_preregistration.md,"§2 line 88: ""Two distinct mechanisms, now separated:"" followed by a table.","The table immediately below lists three mechanisms, not two. The companion document states the opposite count for the same table, so the two documents contradict each other on a structural claim.",Change 'Two distinct mechanisms' to 'Three distinct mechanisms' in the pre-registration.,confirmed
1,nit,numbers,results/tier1_preregistration.md,"§2 line 93: ""human_nontata_promoters negatives: 99.2% ≥50% self-overlap, 0 exact duplicates"".","99.2% is the cross-split statistic xsplit_ge50pct (share of TEST intervals overlapping a TRAIN interval), not self-overlap. The self-overlap (R_self) for that class is 96.05%. The pre-registration mislabels the quantity; the companion document labels the same number correctly.",Change to '99.2% of test negatives have ≥50% reciprocal overlap with a train negative (R_self 96.05%)'.,confirmed
1,nit,repo,audit/tools/certify.py,"TIER1_FINDINGS.md §3 (lines 181-187) presents `--self-validate` as the regression gate and immediately attributes to it ""Eight checks (C1 full scale, C2 both metrics, C3 alignment engine, C4 memorizer tripwire, C5 graded gap, C6 random-resplit control, C7 cluster-bootstrap CIs, C8 coordinate geometr","The self-validate gate exercises only two checks. C3-C7 are implemented solely in certify_dataset() (certify.py:170-272) and are never reached by self_validate() (certify.py:84-125), which reads only jaccard + containment + coord. C8 is present in the call but is provably inert: every coordinate value is either already below the 0.1 cut or belongs to a dataset already LEAKY by jaccard, so coord can never change a verdict. The gate therefore guards 2 of the 8 advertised checks.","State in §3 that --self-validate covers C1/C2 (+C8 where it can escalate) and that C3-C7 are exercised only by the per-dataset `--dataset/--fasta` path, as demonstrated on drosophila_enhancers_stark.",confirmed
1,nit,repo,audit/experiments/exp_crosssuite_census.py,"Comment at lines 111-112: ""Cap TRAIN only: capping test would change the estimand; capping train makes the [figure a lower bound]"", supporting TIER1 §4's ""Train sets capped at 20,000; capping can only remove near-duplicate partners, so every figure is a lower bound.""","The three lines immediately following the comment cap the TEST set at the same threshold, contradicting it. No numerical impact today because the largest test split is 5,920 < 20,000, so the branch never fires — but the stated lower-bound guarantee would silently break for any future task or lower --cap where a test split exceeds the cap.","Either drop the test-capping branch, or raise an error when a test split exceeds --cap so the lower-bound claim cannot be silently violated.",confirmed
1,_SUMMARY_,,,raised=56 confirmed=47,,,summary
2,blocker,statistician2,audit/experiments/exp_inversion_law.py:443,"paper/main.tex:146 asserts a specific outcome of a Benjamini-Hochberg correction: ""Because we report roughly a dozen leaky-versus-clean delta intervals, we also applied a Benjamini--Hochberg correction at $q=0.05$: it leaves the two leaky random-forest drops and the human_nontata_promoters logistic-","BH is claimed but never performed. It is announced in a comment and then skipped, the implementing function is dead code, and no artifact records any p-value or q-value. Separately, the 12 new pairwise bootstrap tests in inversion_law_bootstrap.csv (24 CIs: delta_ci and m_inv_ci) carry no multiplicity control at all, and the single headline CLEAN verdict is selected as the max over those 12 pairs -- a post-selection inference. results/TIER1_FINDINGS.md:337 nonetheless grades the wire ""bootstrap methodology | **closed** | cluster bootstrap over within-test components, ICC + design effect, two-a","Either call bh() on the 12 pairwise delta tests and emit q-values into inversion_law_bootstrap.csv (and re-derive the CLEAN/FRAGILE verdicts under BH), or delete the sentence from main.tex:146 and the dead function, and state plainly in TIER1_FINDINGS.md §5 that multiplicity is uncorrected and the C",confirmed
2,blocker,statistician2,paper/tier1_sections.tex:41,"TIER1_FINDINGS.md presents §2.4 construct-and-break as headline claim 2 (""A construction rule, validated causally ... both directions, ranking inversion included"") with a fully populated table, and §7 records the surrounding corrections as landed.","The manuscript subsection for this headline claim is still an unfilled placeholder, with literal XX tokens and a stale ""NUMBERS PENDING RUN COMPLETION"" marker, even though construction_manipulation.csv has been committed since 0779e59 and every number it needs is available. The strongest causal claim exists only in the internal findings document, not in the artifact that would be submitted.","Populate the subsection from the CSV -- but only after the balance control in the first §2.4 finding has been run, since the numbers that go in should be the prevalence-matched ones.",confirmed
2,blocker,reviewer2,results/construction_manipulation.csv,"TIER1_FINDINGS.md §2.4 and paper §sec:r-manip present construction_manipulation.csv as the output of the committed audit/experiments/exp_construction_manip.py (listed in §6 Reproduction, line 350).","The committed CSV was NOT produced by the committed code. exp_construction_manip.py (committed at 2edad5c, unchanged since — `git diff 2edad5c HEAD -- audit/experiments/exp_construction_manip.py` is empty) emits FIVE rows (manipulation_B returns B_control, B_manipulated_merged, B_manipulated_merged_balanced at lines 154-177; manipulation_A returns two) and writes `positive_frac` and `majority_baseline` columns for every row (evaluate(), lines 77-79). The CSV on disk has FOUR rows and neither column. The missing arm is the BALANCE CONTROL, which the code's own comment (lines 159-164) declares n","Re-run `python -m audit.experiments.exp_construction_manip` with the committed code, commit the 5-row CSV, and report B_manipulated_merged_balanced as the primary fix-a-leaky result. Add the class-balance shift as a third caveat in §2.4 and state the majority baseline for every condition.",confirmed
2,major,fix-verification,results/construction_manipulation.csv,"§2.4 of TIER1_FINDINGS presents the fix-a-leaky arm (RF drop 0.1650 -> 0.0040) as the paper's strongest causal result, caveating only that 'the training set shrinks'.","The B comparison is confounded by a class-balance shift that the code itself declares fatal, and the control arm that addresses it exists in the working tree but was never run, is absent from the CSV, and is undisclosed in the findings. Collapsing duplicate coordinates removes rows from the POSITIVE class only: ensembl ships 77,421 positives / 77,421 negatives, and collapsing positives to 40,934 unique coordinates yields n = 118,355 (matches the CSV) at 40,934/118,355 = 34.6% positive. The majority-class baseline therefore moves from 0.500 (B_control) to 0.654 (B_manipulated). RF's measured he","Run the balanced arm and report B_manipulated_merged_balanced as the primary fix-a-leaky result, or report every accuracy in §2.4 as an excess over the condition's own majority baseline. Add positive_frac/majority_baseline to the CSV. Manipulation A has the same defect in the opposite direction (50%",confirmed
2,major,fix-verification,paper/tier1_sections.tex,"TIER1_FINDINGS.md:26 headline #2 and §2.4 present the construct-and-break manipulations as a completed, paper-ready result; §5 lists the provenance reviewer wire as 'closed' on the strength of 'manipulations in both directions'.","The paper subsection that is supposed to carry this result is an unwritten stub full of XX placeholders, even though results/construction_manipulation.csv has existed since commit 0779e59. The strongest causal claim in the work has no paper text.","Write §sec:r-manip from the CSV, and do not mark the provenance wire 'closed' until the balance control from finding 1 is run, since the fix-a-leaky numbers that would fill the XXs are the confounded ones.",confirmed
2,major,fix-verification,results/TIER1_FINDINGS.md,"TIER1_FINDINGS.md:378 correction #11 replaced the FANTOM5-union mechanism with what it calls 'the weaker, sufficient statement' the data supports: 'each of 40,934 intervals is shipped exactly twice, with no deduplication step.'","The replacement claim is arithmetically false. If each of 40,934 intervals were shipped exactly twice there would be 81,868 positive rows, but the dataset ships 77,421. The measured fraction of positive rows on a duplicated coordinate is 0.9426, not 1.0: 0.9426 x 77,421 = 72,975 rows on 36,487 doubled coordinates, leaving ~4,446 intervals (10.9% of the 40,934) shipped exactly ONCE. Correction #11 substituted one overstatement for another, and the same error is now propagated into a results CSV and the paper.","State it as '36,487 of 40,934 intervals (89.1%) are shipped exactly twice, accounting for 94.3% of positive rows', in all three locations.",confirmed
2,major,fix-verification,audit/tools/certify.py,"TIER1_FINDINGS.md:385 correction #18: 'C1/C3/C7/C8 wired into the verdict instead of being advertised but inert', and §3 at line 255: 'every check now reports a state that can move the verdict'.","C1 is still inert, on two independent grounds, and C2 is hardcoded. (a) C1's state is computed as `rep[""n""] >= full_scale_n`, but `full_scale_n` defaults to `full_scale_n or len(seqs)` and NO caller ever passes it — there is no CLI flag for it — so `rep[""n""] >= len(seqs)` is always true and C1 always reports 'pass'. (b) Even if it did report NOT_FULL_SCALE, the escalation block only appends a warning string and leaves `v` unchanged, unlike the C4/C5, C8 and C3 branches which reassign `v`. C2 is the literal string ""pass"". So 2 of the 8 advertised checks still cannot affect the outcome, which is","Add a `--full-scale-n` argument (or derive the uncapped size inside `E.load`) and make NOT_FULL_SCALE downgrade a clean verdict to provisional/borderline, or amend §3 and correction #18 to state that C1 and C2 remain reporting-only.",confirmed
2,major,fix-verification,results/tier1_preregistration.md,"TIER1_FINDINGS.md:3-5 opens by asserting that 'the forward predictions in its §4 have a tamper-evident position in history', and §4.2 plus correction #16 present the failed NT suite-level call as the pre-registered prediction that was tested.","Every prediction the pre-registration itself labels STRONG/BINDING was left unexecuted, and the findings document never says so. The only registered call that was actually evaluated is the one the pre-registration explicitly downgrades to WEAK. The document therefore claims pre-registration credit for a block of predictions that carry no risk because they were never run — including the one it calls 'the sharpest test here'.","Add a row to §7 and a sentence to §4.2 stating that all six §4.1 binding suite predictions and the design-effect prediction are untested and deferred, and that the reported pre-registration failure comes from the WEAK-tier registration only.",confirmed
2,major,fix-verification,audit/experiments/exp_construction_manip.py,"The module docstring and both the paper and findings assert: 'Each manipulation is paired with an UNMANIPULATED run of the same pipeline at the same scale and the same split seed, so any difference is attributable to the intervention and not to re-splitting, subsampling, or model variance.'","Neither pair is at the same scale, and the mismatch runs in the direction that flatters the result. Manipulation A's manipulated arm has 47% MORE data than its control (29,426 vs 20,000, so ~23,541 vs ~16,000 training rows), and training-set size alone raises accuracy — yet A's headline outcome is that accuracies rise and RF is promoted to rank 1. Manipulation B's manipulated arm has 24% LESS data than its control. The scale difference is a direct arithmetic consequence of the interventions (duplication adds rows, collapsing removes them), so 'same scale' can never hold and the sentence should",Delete 'at the same scale' from all three locations and state the n for each arm inline. The within-condition orig-vs-corrected contrast (which is scale-matched) is the defensible readout; say so explicitly.,confirmed
2,major,manipulation-design,results/TIER1_FINDINGS.md:229,"§2.4 claims manipulation B shows removing the construction defect cures the pathology: leak 0.3898→0.0110, RF drop +0.1650→+0.0040, ranking inversion disappears. The 'Two caveats' paragraph discloses only that 36,487 rows (23.6%) are removed so 'its training set shrinks and absolute accuracies are n","Every one of the 36,487 removed rows is a positive. Duplicated coordinates exist only in the positive class, so the merge takes the dataset from balanced to strongly imbalanced, and this is nowhere acknowledged in the findings, the CSV, or the §2.4 caveats. The module docstring (audit/experiments/exp_construction_manip.py:21) states the opposite outright: 'Nothing else changes: same sequences, same labels, same model code, same split ratio.' A 30-point base-rate shift compresses every model toward the majority-class baseline, which mechanically shrinks between-model spread and therefore biases","Run the already-written B_manipulated_merged_balanced arm, regenerate results/construction_manipulation.csv with the positive_frac and majority_baseline columns, and rewrite the §2.4 caveat to state that the merge removes only positives and that the balanced arm is the load-bearing comparison. Corre",confirmed
2,major,manipulation-design,audit/experiments/exp_construction_manip.py:105,"§2.4 claims manipulation A 'manufactures the inversion, promoting the random forest from rank 4 to rank 1', and the docstring at line 28-30 claims each manipulation is paired with a control 'at the same scale and the same split seed, so any difference is attributable to the intervention'.","manipulation_A duplicates 94.26% of positives and nothing else, moving the dataset from 50/50 to 66.0/34.0 positive and raising the majority-class baseline from 0.5082 to 0.6579. Unlike manipulation_B, the working tree adds no balance-control arm for A at all, so the confound is unmitigated in both the committed and the uncommitted code. Base rate is therefore not held fixed, and the difference is not attributable to the intervention alone as the docstring asserts. Note also that the entire four-model ordering changes (LR>LinearSVC>HGB>RF becomes RF>HGB>LR>LinearSVC — LinearSVC falls from rank","Add the balance-matched arm (duplicate both classes at the same rate) as manipulation A's primary intervention and the imbalance-only, leakage-free arm as a negative control; both are ~5 minutes of compute. Report the full four-model ordering change, not just RF's rank. Fix the 'same scale' claim at",confirmed
2,major,manipulation-design,results/TIER1_FINDINGS.md:287,"Headline item 4 and the §4 census table report 'Four of thirteen Nucleotide Transformer tasks are leaky', with NT-original scored as 13 tasks / 4 LEAKY / 3 borderline / 6 clean and NT-revised as 13 tasks / 13 clean.","`enhancers` and `enhancers_types` are the same sequence set with different label granularity — the train and test FASTA files are byte-identical in both releases. They are counted as two independent tasks in the denominator and, for NT-original, as two independent LEAKY hits in the numerator. The honest count is 12 effective sequence sets with 3 effective leaky ones. This is precisely the deduplication that round-1 correction #12 (§7) already applied elsewhere — 'ocr / regulatory `ocr` identified as the same intervals; effective n = 7' — so the standard the audit set for the Genomic Benchmarks","Report the NT census as 12 effective tasks with 3 leaky, or keep 13 rows but add a footnote stating that enhancers/enhancers_types share identical sequences and are not independent evidence — matching the treatment §7 item 12 gave ocr/regulatory.",confirmed
2,major,statistician2,results/TIER1_FINDINGS.md:229,"§2.4, the strongest causal claim in the work, states ""Two caveats"" for the construct-and-break manipulations -- Manipulation B's row removal (23.6%) and Manipulation A's duplication being leaky by construction -- and concludes ""Editing coordinates alone -- no change to sequences, labels, model code,","Both arms silently shift class balance, and the required control was written but never run or committed. Only the positive class carries duplicated coordinates, so Manipulation B takes the set from 50/50 to 34.6% positive (majority baseline 0.500 -> 0.654) and Manipulation A takes it from 50/50 to 66.0% positive. The reported outcomes -- RF's rank-4 position in B_manipulated and its rank-1 promotion in A_manipulated -- are therefore confounded with a prevalence shift that the four models absorb unequally. The author's own uncommitted code says exactly this and adds a `B_manipulated_merged_bala","Run the balance control to completion, commit the 5-row CSV with positive_frac/majority_baseline, and report the manipulation outcomes at matched prevalence (or as balanced accuracy). Until then §2.4 must add class balance as a third, load-bearing caveat and the ""no change to ... labels"" phrasing mu",confirmed
2,major,statistician2,audit/tools/certify.py:312,"TIER1_FINDINGS.md:254-255: ""every check now reports a state that can move the verdict""; §7 row 18 (line 385): ""C1/C3/C7/C8 wired into the verdict instead of being advertised but inert"". paper/tier1_sections.tex:46 repeats ""where every check returns a state that can move the verdict"".","C1 is still inert with respect to the verdict. Its branch appends a warning string to the escalations list but never reassigns `v`, unlike the C4/C5, C8 and C3 branches immediately above it, which all set `v = ""borderline""`. A NOT_FULL_SCALE dataset therefore still receives whatever verdict the leak thresholds produce; the check annotates but cannot move. C7 is also not an independent mover -- it appears only as a conjunct of the tripwire predicate, so it can suppress an escalation but never produce one.","Either downgrade C1 to ""advisory"" in both TIER1_FINDINGS.md §3/§7-18 and tier1_sections.tex, or make the branch set a provisional verdict level so the claim is true as written.",confirmed
2,major,genomics2,results/TIER1_FINDINGS.md:302-313 (and audit/experiments/exp_crosssuite_census.py:16-20),"§4.1: restricting the original-vs-revised comparison to `splice_sites_acceptors`/`splice_sites_donors` (600 bp in both releases) removes the confound, so the 0.2435→0.0007 / 0.2452→0.0010 drop is attributable to curation. The census docstring states the two releases 'ship the SAME TASK NAMES, so the","The premise is false for exactly the two tasks the document elevates to 'the controlled result'. The two releases are not the same data curated differently — they are different organisms from different source pipelines. NT-original acceptors/donors is a 126-species UniProt-keyed set (Spliceator-style); NT-revised is human-only hg38 genomic windows. Length is matched at 600 bp, but organism set, sequence provenance, negative construction, and split axis all change simultaneously. Controlling for length while leaving the taxon and the data source uncontrolled does not isolate curation; the same ","Either drop the causal/curation framing for the splice tasks and report the original-vs-revised contrast as a descriptive difference between two differently-sourced datasets, or add the taxon confound to §4.1's 'what we no longer claim' paragraph alongside the length confound. If a controlled arm is",confirmed
2,major,genomics2,results/TIER1_FINDINGS.md:304-313,"§4.1 presents `splice_sites_acceptors` and `splice_sites_donors` as two rows of independent evidence for the length-matched controlled result ('on the two tasks where sequence length is held constant, near-duplicate leakage falls by roughly 300-fold').","The two tasks are not independent — they are built from essentially the same gene panel, so this is one observation reported twice, not two. The document already applies exactly this correction elsewhere (§2, correction #12: ocr / regulatory `ocr` are the same intervals, 'effective n is 7, not 8') but does not apply it here, where the entire controlled claim rests on n=2.","State the effective n for §4.1 as 1, mirroring the §2 wording, and report the 98.1% gene-panel overlap. Add a row to §7.",confirmed
2,major,genomics2,"results/TIER1_FINDINGS.md:29-31, 285-293","Headline 4 and the §4 table: 'Four of thirteen Nucleotide Transformer tasks are leaky' (NT-original: 13 tasks, 4 LEAKY, 3 borderline, 6 clean).","The denominator and the numerator both double-count. `enhancers` and `enhancers_types` are byte-identical sequence sets differing only in the label field, so they are one dataset scored twice — and they are two of the four LEAKY tasks. Combined with the acceptors/donors non-independence above, the '4 leaky tasks' reduce to 2 independent leaky sequence sets, and '13 tasks' to 11 distinct sequence sets. The census CSV shows the duplication mechanically: every leak column is bit-identical between the two rows.","Report NT-original as 11 distinct sequence sets with 2 independent leaky sources (enhancers-set, splice-panel), and note that enhancers/enhancers_types share sequences. The 25.0% byte-identical figure itself is unaffected and verified.",confirmed
2,major,genomics2,results/TIER1_FINDINGS.md:310-312,"'on the two tasks where sequence length is held constant, near-duplicate leakage falls by roughly 300-fold under both a length-blind and a length-robust metric.'","The ~300-fold figure holds only for the length-blind (Jaccard) metric. Under the length-robust (containment) metric the fall is ~51-fold — off by a factor of six. The claim 'under both' overstates the containment arm, which is the arm that matters for the length-confound defence the section is built on.",Rewrite as 'falls ~250-350-fold under the length-blind metric and ~51-fold under the length-robust metric'.,confirmed
2,major,reviewer2,paper/tier1_sections.tex,§sec:r-manip 'Adding and removing the construction defect creates and cures the pathology' is billed in TIER1_FINDINGS Headline 2 as the work's causal validation.,"The subsection is an unwritten placeholder: '\textbf{[To be completed from \texttt{construction\_manipulation.csv}.]} ... raises its leak fraction from XX to XX and its random-forest drop from XX to XX ... with the demotion XX.' Every other tier-1 subsection has been rewritten to absorb the round-1 corrections; this one — the only genuinely causal result, and the one a reviewer of a rejected manuscript will read first — still contains six literal XX tokens and the stale comment '% NUMBERS PENDING RUN COMPLETION' even though the CSV has existed since 0779e59. As it stands the manuscript cannot ","Write the section from the corrected (5-row, balance-controlled) CSV, and carry over the §2.4 caveats — unequal n between control and manipulated arms, and the class-balance shift — into the text rather than the findings doc alone.",confirmed
2,major,reviewer2,results/TIER1_FINDINGS.md,"§2.4 line 212: 'Each manipulation is paired with an unmanipulated control run of the identical pipeline at the same scale and split seed.' Identically in paper/tier1_sections.tex:18: '...control run of the identical pipeline at the same scale and split seed, so any difference is attributable to the ","The controls are not at the same scale, in either manipulation, and the document contradicts itself 17 lines later. Manipulation A: control n=20,000 (n_train 16,000) vs manipulated n=29,426 (n_train 23,541) — the manipulated arm trains on 47% more rows. Manipulation B: control n=154,842 (n_train 123,872) vs manipulated n=118,355 (n_train 94,683) — the manipulated arm trains on 24% fewer. §2.4 line 229 then concedes 'Manipulation B removes 36,487 rows (23.6 %), so its training set shrinks and absolute accuracies are not comparable to the control', directly falsifying the 'same scale' sentence a","Delete 'at the same scale' from both documents, or add scale-matched arms (subsample the manipulated A set back to 20,000 rows; subsample the B control to 118,355). At minimum state n_train per condition in the §2.4 table.",confirmed
2,major,reviewer2,results/TIER1_FINDINGS.md,"§2.1 line 173-174 (round-1 correction #11, the replacement for the retracted FANTOM5-union mechanism): 'What the data supports is the weaker, sufficient statement: each of 40,934 intervals is shipped exactly twice, with no deduplication step.' Repeated verbatim in paper/tier1_sections.tex:38: 'we cl","The replacement claim is arithmetically false against the numbers in its own paragraph, so correction #11 traded an over-claimed mechanism for a wrong one. If each of the 40,934 unique coordinates were shipped exactly twice the positive class would hold 81,868 rows; it holds 77,421. Only 36,487 coordinates (77,421 - 40,934) carry a duplicate; the remaining 4,447 are shipped once. This is confirmed by the very statistic the same sentence quotes: frac_rows_on_dup_coord = 0.9426 = 2*36,487/77,421, i.e. 5.7% of positive rows sit on singleton coordinates, which is impossible if every interval is du","Replace 'each of 40,934 intervals is shipped exactly twice' with '36,487 of the 40,934 intervals (89.1%) are shipped exactly twice, multiplicity capped at 2' in both files.",confirmed
2,major,reviewer2,paper/tier1_sections.tex,"§sec:r-census: 'The controlled comparison is the length-matched subset: splice_sites_acceptors and _donors are 600 bp in both releases, and their leakage falls from 0.2435 and 0.2452 to 0.0007 and 0.0010 ... With sequence length held fixed, changing only how the split was built removes the leakage.'","Length was matched but SCALE was not, and the mismatch runs in the direction that inflates the effect. In the original release both splice tasks were censused at full size and unsubsampled (splice_sites_acceptors n_train_full=19,961 / n_train_used=19,961, subsampled=False; donors 19,775/19,775, False); in the revised release both were capped (n_train_full=30,000 / n_train_used=20,000, subsampled=True). The census's own column records the consequence: verdict_is_lower_bound=False for the original rows and True for the revised rows. Since capping removes potential near-duplicate partners — the p","Re-census the two original splice tasks at the same 20,000 cap as the revised ones (or lift the cap on the revised ones) and report the scale-matched pair; failing that, state explicitly that the revised arm is capped and the original is not, and that the bias direction favours the reported conclusi",confirmed
2,major,reviewer2,paper/tier1_sections.tex,"§sec:r-coord reports the coordinate rule as '7/8 when borderline is treated as its own level' across eight datasets, presenting them as eight independent confirmations; §sec:r-census reports 'four of thirteen' NT tasks leaky including enhancers and enhancers_types.","Two independence caveats are applied inconsistently. The findings document discloses (§2 line 153-155) that human_ocr_ensembl's positive class and human_ensembl_regulatory's ocr class are the same intervals, so 'effective n is 7, not 8' — but that sentence was not carried into the manuscript, which still reads as 8 independent datasets. Symmetrically, no document discloses that NT enhancers and enhancers_types are the same sequence collection relabelled: identical n_train (14,968), n_train_unique (14,002), n_test (400), lengths, exact_dup (0.25) and jaccard (0.25), differing only in class_bala","Carry the effective-n=7 sentence into §sec:r-coord, and add one clause to §sec:r-census noting that enhancers/enhancers_types share a sequence set so the four leaky tasks span three distinct collections.",confirmed
2,major,regression2,results/TIER1_FINDINGS.md,"Line 53, P4 row: 'held-out cells predicted to 0.0011 and 0.0008' — presented as the out-of-sample accuracy of the injection sweep.","Four cells are held out, not two. The table cites only the two RF cells and omits both LR cells, one of which carries an error of -0.0049 — roughly 4.5x the larger cited value and the actual maximum. The module's own printed summary reports `max|err| = 0.0049`, so the findings document under-reports the held-out error of its out-of-sample test by selecting the two best of four cells.","Change the P4 evidence cell to 'four held-out cells, max |err| = 0.0049 (mean 0.0019)' to match the module's own printed statistic.",confirmed
2,minor,manipulation-design,results/TIER1_FINDINGS.md:311,"§4.1 presents the length-matched splice tasks as 'the controlled result' and states that on splice_sites_acceptors and splice_sites_donors 'near-duplicate leakage falls by roughly 300-fold under both a length-blind and a length-robust metric', with the causal attribution to curation resting on those","The train-set cap is applied asymmetrically across exactly the comparison being offered as controlled. NT-original acceptors (19,961) and donors (19,775) fall under the 20,000 cap and run uncapped; NT-revised acceptors and donors are subsampled 30,000 -> 20,000, a one-third reduction. Since subsampling train can only remove near-duplicate partners, the revised arm's leak fraction is deflated by a factor the original arm is not subject to. §4's preamble notes the cap makes every figure 'a lower bound', but a uniformly-applied lower bound is not the same as an asymmetric one, and §4.1 calls this","Re-run the two length-matched splice tasks with the revised train set capped to the original's size (19,961 / 19,775) so both arms carry the same number of candidate partners, or state the asymmetry explicitly in §4.1 and bound its magnitude.",confirmed
2,minor,manipulation-design,audit/experiments/exp_construction_manip.py:12,"The module docstring justifies manipulation A by describing human_ocr_ensembl as clean with 'coordinate self-overlap exactly 0.0000', and describes the intervention as rebuilding it 'the way an UN-MERGED multi-sample union is built, replicating the mechanism measured on human_enhancers_ensembl exact","Both statements were retracted by round-1 corrections that never propagated into this module. §7 item 13 records that 'self-overlap exactly 0.000 in every class' was corrected because ocr's negative class is 0.0101 — the docstring still asserts the retracted 0.0000. §7 item 11 records that the FANTOM5 union mechanism was 'downgraded to the exact multiplicity-2 duplication the data shows', and paper/tier1_sections.tex now states the measured signature 'is not what a union over hundreds of independently-called tracks would produce' — yet this module still asserts the union mechanism in prose and","Update the docstring to cite 0.0097/0.0101 rather than 0.0000, and rename the conditions to a mechanism-neutral label (e.g. A_manipulated_duplicated, B_control_asshipped) so the CSV and §2.4 table stop asserting a mechanism the paper explicitly declines to claim. Regenerating the CSV is required any",confirmed
2,minor,statistician2,results/TIER1_FINDINGS.md:311,"""So on the two tasks where sequence length is held constant, near-duplicate leakage falls by roughly 300-fold under both a length-blind and a length-robust metric. That is the controlled result.""","The 300-fold figure holds only for the length-blind (Jaccard) metric. Under the length-robust (containment) metric the fall is ~51-fold, off by a factor of six. This matters more than a typical rounding slip because the entire point of §4.1 is that the length-robust metric is the one that survives the length confound, so the claim is wrong precisely on the leg that carries the argument. The manuscript (paper/tier1_sections.tex:46) states the containment numbers rather than a fold-change and does not make this error, so it is specific to the findings document.","Replace with ""falls by roughly 300-fold under the length-blind metric and roughly 50-fold under the length-robust one"", or quote the raw containment pair as the manuscript already does.",confirmed
2,minor,statistician2,results/TIER1_FINDINGS.md:29,"Headline 4 and the §4 census table: ""Four of thirteen Nucleotide Transformer tasks are leaky, one at 25.0 % byte-identical""; §4.2 repeats ""only 4 of 13 tasks are leaky and 6 are clean"".","Two of the four leaky tasks, `enhancers` and `enhancers_types`, are the same sequences with different label granularity, so the count double-counts. Effective independent leaky tasks are 3, and the effective denominator 12. The document applies exactly this correction elsewhere -- §2 discloses that human_ocr_ensembl's positives and human_ensembl_regulatory's `ocr` class are ""the *same intervals* ... effective n is 7, not 8"" (TIER1_FINDINGS.md:153-155) and logs it as correction 12 -- so the standard is applied inconsistently, and it is applied in the direction that flatters the second-suite res","Report ""4 of 13 task entries, 3 of 12 independent tasks"" and add a row to §7 mirroring correction 12, or state the effective-n caveat inline in the §4 table as §2 already does.",confirmed
2,minor,statistician2,results/TIER1_FINDINGS.md:364,"""Recorded because a QA gate that leaves no trace is indistinguishable from one that never ran. 56 findings raised, 47 confirmed after independent re-verification."" (also stated at line 9.)","The counts 56 and 47 have no committed artifact anywhere in the repository -- no finding log, no per-finding disposition, no audit output file. §7 enumerates 21 corrections, and there is no record mapping the 47 confirmed findings onto those 21 rows or explaining the 26 that produced no correction. The sentence justifying the section is self-refuting: this specific pair of numbers is exactly the trace-free claim it warns against.","Commit the round-1 finding ledger with per-finding verdicts and the mapping to §7's 21 rows, or drop the numeric counts and describe the process qualitatively.",confirmed
2,minor,genomics2,results/TIER1_FINDINGS.md:306-307,Revised-release leak fractions of 0.0007 and 0.0010 anchor the fold-change in the flagship controlled comparison.,"Those denominators are raw counts of 2 and 3 test sequences out of 3,000, so the quoted fold-change is determined by a 1-sequence difference and carries no meaningful precision. Reporting it as '300-fold' implies a resolution the data cannot support; the acceptors and donors ratios differ by 100-fold (348 vs 245) purely because one task has 2 hits and the other 3.","Report counts (2/3000, 3/3000) alongside the fractions and give the fold-change as an order-of-magnitude statement, or bound it (e.g. '>100-fold').",confirmed
2,minor,reviewer2,paper/tier1_sections.tex,"§sec:r-certify: 'The full eight-check path has been executed end to end on one dataset, drosophila_enhancers_stark, where every check returns a state that can move the verdict.' Same in TIER1_FINDINGS.md:253-255 ('every check now reports a state that can move the verdict') and :276 ('C1, C3, C7 and ","C2 is still inert. In certify.py the checks dict hard-codes ""C2_two_metrics"": ""pass"" as a constant string with no condition attached, so it cannot take any other value on any dataset and cannot move any verdict — it is exactly the 'advertised but inert' failure round-1 correction #18 claimed to close, surviving in one of the eight checks. Additionally, on the single dataset actually run end to end, C4/C5 returned 'low_confidence' (n_high_bin=10 < MIN_N=50), a state that by construction cannot escalate either, so the concrete demonstration exercises a decision-capable state for six checks at mo","Either give C2 a real gate (e.g. FAIL when containment exceeds Jaccard by more than a stated factor without the containment metric being reported) or say plainly that C2 is a reporting requirement rather than a decision check, and downgrade 'every check' to 'six of the eight checks returned a decisi",confirmed
2,minor,reviewer2,paper/tier1_sections.tex,The §sec:r-oos title is 'The law forecasts the regularization path and the injection dose-response'.,"The title contradicts the body it now heads. After the round-1 correction the body states 'We label this an in-sample result and read it conservatively: it restates the identity as an ordering on the same as-shipped test set rather than on held-out data', and separately downgrades f* to 'a consistency check rather than a validated prediction'. A title claiming the law 'forecasts' the regularization path is the retracted framing preserved in the one line a skim-reader retains. The same stale label survives in the code docstring: exp_inversion_law.py:205 reads 'P3 -- out-of-sample sweep #1: the ","Retitle to something like 'The condition reproduces the regularization path in sample and predicts the injection dose-response out of sample', and fix the :205 docstring.",confirmed
2,minor,regression2,audit/experiments/exp_construction_manip.py,Manipulation A replicates the human_enhancers_ensembl mechanism 'exactly: 94.3% of positive rows sit on a coordinate of multiplicity 2' (docstring lines 13-15); TIER1_FINDINGS.md:219 labels the arm '94.3 % of positives duplicated'.,"RATE=0.9426 is applied as the fraction of positive rows to DUPLICATE, but 0.9426 is the target share of rows SITTING ON a multiplicity-2 coordinate. Duplicating fraction r of P positives yields 2rP rows on multiplicity-2 coordinates out of P(1+r) total, i.e. a share of 2r/(1+r). With r=0.9426 the realised share is 0.9705, not 0.9426. The code conflates 'fraction of unique coordinates that are duplicated' with 'fraction of rows on duplicated coordinates', so the manipulation overshoots its own pre-registered target and the CSV field dup_share_of_positives=0.9426 is mislabelled.","Set RATE = 0.8913 (or solve r = t/(2-t) for target t), and correct the docstring and the TIER1_FINDINGS.md:219 row label to state the duplication rate and the resulting multiplicity-2 share separately.",confirmed
2,minor,regression2,results/certify_report.json,"TIER1_FINDINGS.md §3.1 states that certify's single-arm bootstrap was replaced with the frozen two-arm delta_boot (correction #1) and that the retracted interval [0.0019, 0.0434] and the resulting 'borderline' escalation on drosophila_enhancers_stark were defects the standard caught in itself; §3 co","The repository still ships the superseded pre-fix run under certify.py's DEFAULT --out filename. results/certify_report.json contains verdict 'borderline', escalated_by 'memorizer tripwire (C4/C5)', and RF_drop_ci_cluster '[0.0019, 0.0434]' — the exact interval §3.1 names as anticonservative and retracts. The corrected run lives only at the non-default certify_report_stark.json. Both were committed together in 0779e59, with no marker on the stale file. A reproducer who opens the canonically-named report gets the retracted verdict and the retracted CI.","Delete results/certify_report.json or regenerate it from the current code, and keep a single canonical report path.",confirmed
2,minor,regression2,audit/tools/certify.py,"Round-1 correction #18: 'C1/C3/C7/C8 wired into the verdict instead of being advertised but inert', and TIER1_FINDINGS.md:252 'every check now reports a state that can move the verdict'.","The fix only partially landed. C1 still cannot move the verdict: its branch appends a warning string to `escalations` but never reassigns `v`, unlike the C4/C5, C8 and C3 branches immediately above it which all do `v, _ = ""borderline"", escalations.append(...)`. C2 is a hardcoded literal 'pass' and can never report any other state. So two of the eight advertised checks remain inert with respect to the verdict, and the claim that every check can move it is false.",Either make C1 escalate (e.g. clean -> provisional/borderline when not full scale) or restate correction #18 and TIER1_FINDINGS.md:252 as 'C3/C7/C8 move the verdict; C1 emits a provisional warning; C2 is a declared invariant'.,confirmed
2,minor,regression2,audit/experiments/exp_construction_manip.py,The coordinate-alignment assert in manipulation_B guarantees that the interval table used to collapse duplicate coordinates corresponds to the loaded sequences.,"The assert checks only row COUNT, so it passes on any same-length but mis-ordered or mis-matched coordinate table — exactly the silent failure it is meant to prevent. recover_coords already returns a `ver` dict containing len_match and label_match (per-row correspondence checks), but manipulation_B binds it to `ver` and never uses it. Since manipulation B selects the rows to keep by coordinate key and indexes `seqs` with those positions, a permuted table would silently collapse the wrong rows and corrupt the headline fix-a-leaky-set result.","Replace with `assert ver.get(""len_match"") == 1.0 and ver.get(""label_match"") == 1.0, ver`. Note len_match is vacuous for fixed-length datasets (already conceded as correction #14), so label_match should be asserted too.",confirmed
2,minor,regression2,audit/experiments/exp_construction_manip.py,Docstring lines 28-30 and TIER1_FINDINGS.md:211-212: 'Each manipulation is paired with an unmanipulated control run of the identical pipeline at the same scale and split seed.',"Neither manipulation holds scale fixed. Manipulation A's intervention arm has 47% more rows than its control (and correspondingly more training data); Manipulation B's has 24% fewer. Training-set size independently affects accuracy, so 'at the same scale' is false as written. TIER1_FINDINGS.md:229-230 concedes this for B ('its training set shrinks and absolute accuracies are not comparable') but the general claim at line 212 and in the docstring is left standing, and no such concession is made for A.","Strike 'at the same scale' from the docstring and TIER1_FINDINGS.md:212, or add a scale-matched arm (subsample the larger arm to the smaller arm's n) for both manipulations.",confirmed
2,nit,regression2,audit/tools/certify.py,"C8 coordinate geometry escalates a clean verdict to borderline and the reason is recorded in the report's escalated_by field ('every check's state is recorded in the report', TIER1_FINDINGS.md:253).","The C8 escalation branch is unreachable dead code. verdict_from() at line 76 already performs the clean->borderline escalation whenever coord > LEAK_CUT, so by the time line 308 tests `v == ""clean"" and checks[""C8_coordinates""] == ""LEAKY""`, v is already 'borderline' (or 'LEAKY'). The condition can never be true, so 'C8 coordinate geometry' can never appear in escalated_by. A dataset escalated purely by coordinate geometry is silently reported with escalated_by=null, hiding the very provenance C8 exists to supply.","Remove the coord escalation from verdict_from and let the explicit line-308 branch perform it (so it is logged), or capture the escalation inside verdict_from and have it return the reason alongside the verdict.",confirmed
2,_SUMMARY_,,,raised=44 confirmed=38,,,summary
