dataset,cap,seed,n_rows,n_train,n_test,n_classes,pkl_bytes,sha256_file,sha256_content,extracted_utc,path
human_nontata_promoters,1000000000000,0,36131,27097,9034,2,9649399,f5ac534c6ad05358f2bf727900a9cb5eebe8d980d24cb5daa0dcddb3a9f8dce7,ebdcf7a65d20f776698b3e23a48faffe53ed44d946c6523194ca604701ec2412,2026-07-18T04:53:46Z,datacache/human_nontata_promoters__cap1000000000000__seed0.pkl
human_enhancers_ensembl,1000000000000,0,154842,123872,30970,2,44365424,48848bdf149b95b143e04db60655ae2441dbe3cb8d45f8fd109a9e5248be661a,50047b21fceb5e3da99fb4d0ffa22c9b37cf28aac2347fe3aef3de10815b069a,2026-07-18T04:55:47Z,datacache/human_enhancers_ensembl__cap1000000000000__seed0.pkl
human_enhancers_cohn,20000,0,20000,15000,5000,2,10382471,b418b1227d401eb7885f74a441f5c21a5bcf18b74d4c7a8397ef0975124b0a6a,10ffb857f9d1d2114b209f94c5220fd5338437ff6ae32927b00c4e58bc3a2211,2026-07-18T04:57:03Z,datacache/human_enhancers_cohn__cap20000__seed0.pkl
human_ocr_ensembl,20000,0,20000,16000,4000,2,6918306,9cb348163d655d36c364308a3e7ede0afff9432c23c3f929123519a87701f490,55338fa418d6caf22041486efe25e367db3001c250de0ab520e2db9b36ab7744,2026-07-18T05:12:08Z,datacache/human_ocr_ensembl__cap20000__seed0.pkl
demo_human_or_worm,20000,0,20000,15000,5000,2,4321643,7936b76e436b4c71f67fc06586e9c3b97f321bde3effb1d32d0eb24eef958e89,c5571b5b039cbfe0e0236bd9940e82f542191b8b3f47482669a94c276cd436f3,2026-07-18T05:17:08Z,datacache/demo_human_or_worm__cap20000__seed0.pkl
demo_coding_vs_intergenomic_seqs,20000,0,20000,15000,5000,2,4321643,c260aa0929f0c446bf1b77d682dc15dbcf7fad501bcc59974648810ef9dd5d74,1017767c555d70caab80b98541ddf6bae1434050c0db1be5faffabd7e1ece35b,2026-07-18T05:20:06Z,datacache/demo_coding_vs_intergenomic_seqs__cap20000__seed0.pkl
drosophila_enhancers_stark,20000,0,6914,5184,1730,2,14779081,1605bc95480bcf9710abde9fceacfbeb8137ef473525c23083742b0fce7738a4,234b57471a25dad171c7b4cad96f430fc70edfefa29e0bff8df126cf187d697f,2026-07-18T05:20:16Z,datacache/drosophila_enhancers_stark__cap20000__seed0.pkl
human_ensembl_regulatory,1000000000000,0,289061,231348,57713,3,129552678,feb55d90d414140cd4596d35dbf252ae49e687f59480d188a60979dedfa014de,365b90a0a91454d15ef4c55e215d618cf13759f6bd3f6812fbff9397718937c4,2026-07-18T05:22:56Z,datacache/human_ensembl_regulatory__cap1000000000000__seed0.pkl
human_ensembl_regulatory,20000,0,20000,16007,3993,3,8919743,58ed4da3ed5f0dcdacc2a8661ffb867fb758c5b20bf8741499952b99704cf167,e475652ef77403959f701e16d4fd066c971e6339db1da5746639ad08d423acae,2026-07-18T05:28:08Z,datacache/human_ensembl_regulatory__cap20000__seed0.pkl
