dataset,scale,n_used,split_type,seed,k,model,accuracy,auroc,f1
human_enhancers_cohn,subsample,20000,original,-1,4,LR,0.731,0.80856752,0.7276776675440373
human_enhancers_cohn,subsample,20000,original,-1,4,LinearSVC,0.7324,0.80813632,0.7282696994313567
human_enhancers_cohn,subsample,20000,original,-1,4,RF,0.703,0.7835984,0.6970006121199755
human_enhancers_cohn,subsample,20000,original,-1,4,HGB,0.7246,0.80086192,0.7262969588550984
human_enhancers_cohn,subsample,20000,random,0,4,LR,0.7298,0.80765856,0.7243419710263211
human_enhancers_cohn,subsample,20000,random,0,4,LinearSVC,0.7308,0.8081526400000001,0.7255301794453507
human_enhancers_cohn,subsample,20000,random,0,4,RF,0.7,0.7796523200000001,0.6933769419460344
human_enhancers_cohn,subsample,20000,random,0,4,HGB,0.7188,0.79929472,0.716988727858293
human_enhancers_cohn,subsample,20000,random,1,4,LR,0.7304,0.8100972799999999,0.7276767676767677
human_enhancers_cohn,subsample,20000,random,1,4,LinearSVC,0.735,0.81086448,0.731618391735872
human_enhancers_cohn,subsample,20000,random,1,4,RF,0.7108,0.78918808,0.7068126520681265
human_enhancers_cohn,subsample,20000,random,1,4,HGB,0.7156,0.79967904,0.7129592248687929
human_enhancers_cohn,subsample,20000,random,2,4,LR,0.7298,0.80842704,0.7232124564638394
human_enhancers_cohn,subsample,20000,random,2,4,LinearSVC,0.7328,0.8075654400000001,0.7254418413481298
human_enhancers_cohn,subsample,20000,random,2,4,RF,0.702,0.7802004,0.6903574397339983
human_enhancers_cohn,subsample,20000,random,2,4,HGB,0.7148,0.79847392,0.7077868852459016
human_enhancers_cohn,subsample,20000,homology@0.7,0,4,LR,0.726,0.8069790400000001,0.7221095334685599
human_enhancers_cohn,subsample,20000,homology@0.7,0,4,LinearSVC,0.7264,0.8065313599999999,0.7219512195121951
human_enhancers_cohn,subsample,20000,homology@0.7,0,4,RF,0.7056,0.78390048,0.6992235390273804
human_enhancers_cohn,subsample,20000,homology@0.7,0,4,HGB,0.7214,0.80284624,0.7176160551388607
human_enhancers_cohn,subsample,20000,homology@0.7,1,4,LR,0.7394,0.8142281599999999,0.7351087619434844
human_enhancers_cohn,subsample,20000,homology@0.7,1,4,LinearSVC,0.7382,0.8147652799999999,0.7344288902414283
human_enhancers_cohn,subsample,20000,homology@0.7,1,4,RF,0.7118,0.78699984,0.7045314742669674
human_enhancers_cohn,subsample,20000,homology@0.7,1,4,HGB,0.7328,0.8122711999999999,0.7297734627831716
human_enhancers_cohn,subsample,20000,homology@0.7,2,4,LR,0.737,0.8183443199999999,0.7312487226650317
human_enhancers_cohn,subsample,20000,homology@0.7,2,4,LinearSVC,0.7384,0.8169777600000001,0.7330612244897959
human_enhancers_cohn,subsample,20000,homology@0.7,2,4,RF,0.717,0.7935401599999999,0.7124568177199756
human_enhancers_cohn,subsample,20000,homology@0.7,2,4,HGB,0.7266,0.80703936,0.7237825823398666
human_enhancers_cohn,subsample,20000,original,-1,6,LR,0.7362,0.8103065599999999,0.7320739386552915
human_enhancers_cohn,subsample,20000,original,-1,6,LinearSVC,0.7144,0.78575312,0.7119806373537717
human_enhancers_cohn,subsample,20000,original,-1,6,RF,0.6932,0.77280704,0.6817427385892116
human_enhancers_cohn,subsample,20000,original,-1,6,HGB,0.7164,0.79264544,0.7108482871125612
human_enhancers_cohn,subsample,20000,random,0,6,LR,0.7256,0.8087390399999999,0.72
human_enhancers_cohn,subsample,20000,random,0,6,LinearSVC,0.7184,0.7887411199999999,0.7160145219846712
human_enhancers_cohn,subsample,20000,random,0,6,RF,0.684,0.7642938399999999,0.6690406367825723
human_enhancers_cohn,subsample,20000,random,0,6,HGB,0.71,0.78917792,0.7028688524590164
human_enhancers_cohn,subsample,20000,random,1,6,LR,0.7402,0.81568992,0.735921935352714
human_enhancers_cohn,subsample,20000,random,1,6,LinearSVC,0.7244,0.7961220800000001,0.7220653489310206
human_enhancers_cohn,subsample,20000,random,1,6,RF,0.6994,0.7718352,0.6895269572402396
human_enhancers_cohn,subsample,20000,random,1,6,HGB,0.713,0.7944625600000002,0.7077988189778049
human_enhancers_cohn,subsample,20000,random,2,6,LR,0.7334,0.8097177600000001,0.7262271513657835
human_enhancers_cohn,subsample,20000,random,2,6,LinearSVC,0.7238,0.79372576,0.7189090168939548
human_enhancers_cohn,subsample,20000,random,2,6,RF,0.69,0.7696168,0.6753246753246753
human_enhancers_cohn,subsample,20000,random,2,6,HGB,0.7032,0.78513824,0.6956521739130435
human_enhancers_cohn,subsample,20000,homology@0.7,0,6,LR,0.7378,0.8144614400000001,0.7318470034771937
human_enhancers_cohn,subsample,20000,homology@0.7,0,6,LinearSVC,0.7214,0.79215504,0.7198873919163483
human_enhancers_cohn,subsample,20000,homology@0.7,0,6,RF,0.6984,0.77229712,0.6888155179529509
human_enhancers_cohn,subsample,20000,homology@0.7,0,6,HGB,0.7168,0.7947526399999999,0.7117263843648208
human_enhancers_cohn,subsample,20000,homology@0.7,1,6,LR,0.7404,0.81701008,0.7378836833602584
human_enhancers_cohn,subsample,20000,homology@0.7,1,6,LinearSVC,0.7248,0.79981648,0.7246898759503801
human_enhancers_cohn,subsample,20000,homology@0.7,1,6,RF,0.6966,0.77274936,0.6832324076007518
human_enhancers_cohn,subsample,20000,homology@0.7,1,6,HGB,0.7238,0.79917856,0.7172978505629478
human_enhancers_cohn,subsample,20000,homology@0.7,2,6,LR,0.7434,0.81887584,0.7393865529148893
human_enhancers_cohn,subsample,20000,homology@0.7,2,6,LinearSVC,0.7232,0.79613072,0.7192697768762677
human_enhancers_cohn,subsample,20000,homology@0.7,2,6,RF,0.7024,0.7769368,0.6915422885572139
human_enhancers_cohn,subsample,20000,homology@0.7,2,6,HGB,0.7112,0.79346624,0.7076923076923077
human_ocr_ensembl,subsample,20000,original,-1,4,LR,0.6495,0.70293975,0.6477386934673367
human_ocr_ensembl,subsample,20000,original,-1,4,LinearSVC,0.65025,0.708565,0.6475182665658856
human_ocr_ensembl,subsample,20000,original,-1,4,RF,0.6625,0.718207,0.6751684311838306
human_ocr_ensembl,subsample,20000,original,-1,4,HGB,0.6645,0.7231665,0.6728425158459288
human_ocr_ensembl,subsample,20000,random,0,4,LR,0.648,0.7041357500000001,0.6460532931121167
human_ocr_ensembl,subsample,20000,random,0,4,LinearSVC,0.65425,0.7094555,0.6511979823455233
human_ocr_ensembl,subsample,20000,random,0,4,RF,0.6495,0.71835925,0.6603682170542635
human_ocr_ensembl,subsample,20000,random,0,4,HGB,0.65825,0.7186595,0.6645398773006135
human_ocr_ensembl,subsample,20000,random,1,4,LR,0.66,0.71329575,0.6594892338507762
human_ocr_ensembl,subsample,20000,random,1,4,LinearSVC,0.66625,0.7197067500000001,0.6659994996247185
human_ocr_ensembl,subsample,20000,random,1,4,RF,0.66225,0.7249768750000001,0.6712095400340715
human_ocr_ensembl,subsample,20000,random,1,4,HGB,0.6695,0.7261770000000001,0.6822115384615385
human_ocr_ensembl,subsample,20000,random,2,4,LR,0.63975,0.69234975,0.6391184573002755
human_ocr_ensembl,subsample,20000,random,2,4,LinearSVC,0.6495,0.6991982499999999,0.6496751624187906
human_ocr_ensembl,subsample,20000,random,2,4,RF,0.65,0.70778825,0.6596985901798736
human_ocr_ensembl,subsample,20000,random,2,4,HGB,0.65,0.70806575,0.6596985901798736
human_ocr_ensembl,subsample,20000,homology@0.7,0,4,LR,0.6418395401149712,0.700039980009995,0.6398592611208846
human_ocr_ensembl,subsample,20000,homology@0.7,0,4,LinearSVC,0.649087728067983,0.7064705147426287,0.6467035732259688
human_ocr_ensembl,subsample,20000,homology@0.7,0,4,RF,0.6555861034741315,0.7141009495252374,0.6689091782796732
human_ocr_ensembl,subsample,20000,homology@0.7,0,4,HGB,0.6570857285678581,0.7192523738130934,0.6679574056147144
human_ocr_ensembl,subsample,20000,homology@0.7,1,4,LR,0.6563359160209947,0.7080064967516241,0.6559919939954966
human_ocr_ensembl,subsample,20000,homology@0.7,1,4,LinearSVC,0.6545863534116471,0.7128653173413293,0.6534603811434303
human_ocr_ensembl,subsample,20000,homology@0.7,1,4,RF,0.6400899775056236,0.6953288355822089,0.6499756927564414
human_ocr_ensembl,subsample,20000,homology@0.7,1,4,HGB,0.64383904023994,0.700570964517741,0.6528623629719854
human_ocr_ensembl,subsample,20000,homology@0.7,2,4,LR,0.6470882279430142,0.6995914542728636,0.647
human_ocr_ensembl,subsample,20000,homology@0.7,2,4,LinearSVC,0.6550862284428893,0.7056031984007995,0.6541353383458647
human_ocr_ensembl,subsample,20000,homology@0.7,2,4,RF,0.64383904023994,0.7014045477261369,0.6581914128088271
human_ocr_ensembl,subsample,20000,homology@0.7,2,4,HGB,0.6508372906773306,0.7108465767116442,0.6606752489676949
human_ocr_ensembl,subsample,20000,original,-1,6,LR,0.677,0.74730325,0.680672268907563
human_ocr_ensembl,subsample,20000,original,-1,6,LinearSVC,0.66975,0.734791,0.670491394362684
human_ocr_ensembl,subsample,20000,original,-1,6,RF,0.6565,0.7111905000000001,0.6650414431984398
human_ocr_ensembl,subsample,20000,original,-1,6,HGB,0.671,0.73447575,0.6732869910625621
human_ocr_ensembl,subsample,20000,random,0,6,LR,0.6725,0.74044725,0.6725
human_ocr_ensembl,subsample,20000,random,0,6,LinearSVC,0.6675,0.7257687500000001,0.6629498226051698
human_ocr_ensembl,subsample,20000,random,0,6,RF,0.64825,0.7076445,0.6597339782345828
human_ocr_ensembl,subsample,20000,random,0,6,HGB,0.663,0.73630275,0.6671604938271605
human_ocr_ensembl,subsample,20000,random,1,6,LR,0.6875,0.76170975,0.6873436718359179
human_ocr_ensembl,subsample,20000,random,1,6,LinearSVC,0.67675,0.74569575,0.6765073805354016
human_ocr_ensembl,subsample,20000,random,1,6,RF,0.65675,0.7228435,0.6677957899830631
human_ocr_ensembl,subsample,20000,random,1,6,HGB,0.67075,0.7467975,0.6811909949164852
human_ocr_ensembl,subsample,20000,random,2,6,LR,0.6685,0.741014,0.6709677419354839
human_ocr_ensembl,subsample,20000,random,2,6,LinearSVC,0.66575,0.729638,0.6666666666666666
human_ocr_ensembl,subsample,20000,random,2,6,RF,0.64625,0.7018868749999999,0.6592824464242716
human_ocr_ensembl,subsample,20000,random,2,6,HGB,0.65675,0.7388212500000001,0.6663426488456865
human_ocr_ensembl,subsample,20000,homology@0.7,0,6,LR,0.6710822294426393,0.7412263868065967,0.6755424063116371
human_ocr_ensembl,subsample,20000,homology@0.7,0,6,LinearSVC,0.6688327918020495,0.7284455272363817,0.6675031367628608
human_ocr_ensembl,subsample,20000,homology@0.7,0,6,RF,0.6425893526618346,0.706645552223888,0.6470878578479763
human_ocr_ensembl,subsample,20000,homology@0.7,0,6,HGB,0.6560859785053736,0.7320322338830585,0.6635696821515893
human_ocr_ensembl,subsample,20000,homology@0.7,1,6,LR,0.6738315421144714,0.7434215392303848,0.6781750924784217
human_ocr_ensembl,subsample,20000,homology@0.7,1,6,LinearSVC,0.6670832291927018,0.7305112443778111,0.6683266932270916
human_ocr_ensembl,subsample,20000,homology@0.7,1,6,RF,0.6375906023494127,0.6961830334832584,0.647887323943662
human_ocr_ensembl,subsample,20000,homology@0.7,1,6,HGB,0.6655836040989752,0.7280707146426787,0.6746108949416343
human_ocr_ensembl,subsample,20000,homology@0.7,2,6,LR,0.6745813546613346,0.7422886056971514,0.6753117206982544
human_ocr_ensembl,subsample,20000,homology@0.7,2,6,LinearSVC,0.6668332916770807,0.7269485257371314,0.6627877561345813
human_ocr_ensembl,subsample,20000,homology@0.7,2,6,RF,0.6570857285678581,0.7118645677161419,0.668759053597296
human_ocr_ensembl,subsample,20000,homology@0.7,2,6,HGB,0.6613346663334166,0.7267066466766617,0.6674846625766871
demo_human_or_worm,subsample,20000,original,-1,4,LR,0.9278,0.97946304,0.9273203140728811
demo_human_or_worm,subsample,20000,original,-1,4,LinearSVC,0.9296,0.9807283200000001,0.9292320064334539
demo_human_or_worm,subsample,20000,original,-1,4,RF,0.9306,0.98195544,0.9309452736318408
demo_human_or_worm,subsample,20000,original,-1,4,HGB,0.9402,0.9862259200000001,0.9402119576084783
demo_human_or_worm,subsample,20000,random,0,4,LR,0.9348,0.9820955199999999,0.9341414141414142
demo_human_or_worm,subsample,20000,random,0,4,LinearSVC,0.9398,0.98342816,0.9392287502523723
demo_human_or_worm,subsample,20000,random,0,4,RF,0.9384,0.98461232,0.9385474860335196
demo_human_or_worm,subsample,20000,random,0,4,HGB,0.947,0.98833216,0.9468191852297813
demo_human_or_worm,subsample,20000,random,1,4,LR,0.9382,0.98366992,0.9376387487386478
demo_human_or_worm,subsample,20000,random,1,4,LinearSVC,0.94,0.9850419199999999,0.9395892066049134
demo_human_or_worm,subsample,20000,random,1,4,RF,0.9326,0.98167184,0.9332805385072263
demo_human_or_worm,subsample,20000,random,1,4,HGB,0.9436,0.9876254400000001,0.94377990430622
demo_human_or_worm,subsample,20000,random,2,4,LR,0.9394,0.98379136,0.9388249545729861
demo_human_or_worm,subsample,20000,random,2,4,LinearSVC,0.9414,0.9850547200000002,0.9408200363562916
demo_human_or_worm,subsample,20000,random,2,4,RF,0.9368,0.9850750399999999,0.9370517928286852
demo_human_or_worm,subsample,20000,random,2,4,HGB,0.9502,0.98975136,0.9500301023479831
demo_human_or_worm,subsample,20000,homology@0.7,0,4,LR,0.9358,0.9817299199999999,0.9350859453993934
demo_human_or_worm,subsample,20000,homology@0.7,0,4,LinearSVC,0.9364,0.98304832,0.93578352180937
demo_human_or_worm,subsample,20000,homology@0.7,0,4,RF,0.9364,0.9831346400000001,0.9364762285257691
demo_human_or_worm,subsample,20000,homology@0.7,0,4,HGB,0.9454,0.9874961600000001,0.9451476793248945
demo_human_or_worm,subsample,20000,homology@0.7,1,4,LR,0.939,0.98258288,0.9382466086252278
demo_human_or_worm,subsample,20000,homology@0.7,1,4,LinearSVC,0.9374,0.98363728,0.9364467005076142
demo_human_or_worm,subsample,20000,homology@0.7,1,4,RF,0.9348,0.9841254399999999,0.9346693386773547
demo_human_or_worm,subsample,20000,homology@0.7,1,4,HGB,0.9488,0.9889089600000001,0.9483870967741935
demo_human_or_worm,subsample,20000,homology@0.7,2,4,LR,0.9358,0.9826633600000001,0.9357871574314863
demo_human_or_worm,subsample,20000,homology@0.7,2,4,LinearSVC,0.9428,0.98391584,0.9427542033626901
demo_human_or_worm,subsample,20000,homology@0.7,2,4,RF,0.94,0.98377008,0.9405469678953626
demo_human_or_worm,subsample,20000,homology@0.7,2,4,HGB,0.9484,0.9875048,0.9484824281150159
demo_human_or_worm,subsample,20000,original,-1,6,LR,0.9374,0.9840331200000001,0.9365240316365848
demo_human_or_worm,subsample,20000,original,-1,6,LinearSVC,0.939,0.9845769600000001,0.9384708493040145
demo_human_or_worm,subsample,20000,original,-1,6,RF,0.9184,0.9738295199999999,0.918854415274463
demo_human_or_worm,subsample,20000,original,-1,6,HGB,0.9298,0.9802161600000001,0.9292196007259528
demo_human_or_worm,subsample,20000,random,0,6,LR,0.942,0.9859384,0.9414614452967299
demo_human_or_worm,subsample,20000,random,0,6,LinearSVC,0.9482,0.98702144,0.9476661951909476
demo_human_or_worm,subsample,20000,random,0,6,RF,0.9202,0.97574952,0.9212240868706811
demo_human_or_worm,subsample,20000,random,0,6,HGB,0.9344,0.98156192,0.9337908760597498
demo_human_or_worm,subsample,20000,random,1,6,LR,0.9424,0.9877383999999999,0.9417946645109135
demo_human_or_worm,subsample,20000,random,1,6,LinearSVC,0.9456,0.98787152,0.9451170298627926
demo_human_or_worm,subsample,20000,random,1,6,RF,0.9194,0.97603688,0.9205911330049261
demo_human_or_worm,subsample,20000,random,1,6,HGB,0.9272,0.9815096,0.927170868347339
demo_human_or_worm,subsample,20000,random,2,6,LR,0.946,0.98704288,0.945321992709599
demo_human_or_worm,subsample,20000,random,2,6,LinearSVC,0.9476,0.9882334399999999,0.947134786117837
demo_human_or_worm,subsample,20000,random,2,6,RF,0.923,0.97736728,0.9235048678720446
demo_human_or_worm,subsample,20000,random,2,6,HGB,0.9362,0.98349776,0.9356205852674067
demo_human_or_worm,subsample,20000,homology@0.7,0,6,LR,0.9408,0.98552448,0.9399106780349168
demo_human_or_worm,subsample,20000,homology@0.7,0,6,LinearSVC,0.9416,0.98632528,0.9411527609834744
demo_human_or_worm,subsample,20000,homology@0.7,0,6,RF,0.9228,0.9764106400000001,0.9238358326756116
demo_human_or_worm,subsample,20000,homology@0.7,0,6,HGB,0.9294,0.98114384,0.9289881311607322
demo_human_or_worm,subsample,20000,homology@0.7,1,6,LR,0.9416,0.9868872000000001,0.9407467532467533
demo_human_or_worm,subsample,20000,homology@0.7,1,6,LinearSVC,0.9486,0.9876068799999999,0.9479440956046182
demo_human_or_worm,subsample,20000,homology@0.7,1,6,RF,0.9228,0.9779508,0.9233518665607625
demo_human_or_worm,subsample,20000,homology@0.7,1,6,HGB,0.9398,0.98344912,0.9391550434606832
demo_human_or_worm,subsample,20000,homology@0.7,2,6,LR,0.9418,0.98623456,0.9411050394656952
demo_human_or_worm,subsample,20000,homology@0.7,2,6,LinearSVC,0.9476,0.98748976,0.9471561113352158
demo_human_or_worm,subsample,20000,homology@0.7,2,6,RF,0.922,0.97605784,0.9232887490165225
demo_human_or_worm,subsample,20000,homology@0.7,2,6,HGB,0.9338,0.9818572799999999,0.9336274313214358
demo_coding_vs_intergenomic_seqs,subsample,20000,original,-1,4,LR,0.8836,0.95371936,0.8851617995264404
demo_coding_vs_intergenomic_seqs,subsample,20000,original,-1,4,LinearSVC,0.8858,0.9543441599999999,0.8872210152083745
demo_coding_vs_intergenomic_seqs,subsample,20000,original,-1,4,RF,0.8586,0.9359252,0.8622100954979536
demo_coding_vs_intergenomic_seqs,subsample,20000,original,-1,4,HGB,0.8862,0.9547903999999999,0.8876604146100691
demo_coding_vs_intergenomic_seqs,subsample,20000,random,0,4,LR,0.8876,0.95471632,0.8884920634920634
demo_coding_vs_intergenomic_seqs,subsample,20000,random,0,4,LinearSVC,0.89,0.9558380799999999,0.8908730158730159
demo_coding_vs_intergenomic_seqs,subsample,20000,random,0,4,RF,0.8642,0.9409888000000001,0.8664174699980327
demo_coding_vs_intergenomic_seqs,subsample,20000,random,0,4,HGB,0.894,0.95918576,0.894380231167796
demo_coding_vs_intergenomic_seqs,subsample,20000,random,1,4,LR,0.8858,0.95249568,0.8868634832573806
demo_coding_vs_intergenomic_seqs,subsample,20000,random,1,4,LinearSVC,0.888,0.9537827200000001,0.8892405063291139
demo_coding_vs_intergenomic_seqs,subsample,20000,random,1,4,RF,0.862,0.9396109600000001,0.8640661938534279
demo_coding_vs_intergenomic_seqs,subsample,20000,random,1,4,HGB,0.8886,0.9546102399999999,0.889593657086224
demo_coding_vs_intergenomic_seqs,subsample,20000,random,2,4,LR,0.8808,0.9515454400000001,0.8821668643732701
demo_coding_vs_intergenomic_seqs,subsample,20000,random,2,4,LinearSVC,0.8852,0.9525528000000001,0.887007874015748
demo_coding_vs_intergenomic_seqs,subsample,20000,random,2,4,RF,0.851,0.93298784,0.8546908523503023
demo_coding_vs_intergenomic_seqs,subsample,20000,random,2,4,HGB,0.8826,0.9534169600000001,0.8834623783998412
demo_coding_vs_intergenomic_seqs,subsample,20000,homology@0.7,0,4,LR,0.8788,0.95137056,0.8798095993653312
demo_coding_vs_intergenomic_seqs,subsample,20000,homology@0.7,0,4,LinearSVC,0.879,0.95235632,0.8800792864222002
demo_coding_vs_intergenomic_seqs,subsample,20000,homology@0.7,0,4,RF,0.8538,0.9323511200000001,0.8572544424917008
demo_coding_vs_intergenomic_seqs,subsample,20000,homology@0.7,0,4,HGB,0.8814,0.9502908799999998,0.881328797278367
demo_coding_vs_intergenomic_seqs,subsample,20000,homology@0.7,1,4,LR,0.882,0.9531342399999998,0.8832145684877276
demo_coding_vs_intergenomic_seqs,subsample,20000,homology@0.7,1,4,LinearSVC,0.8846,0.9540100800000001,0.8859458390986361
demo_coding_vs_intergenomic_seqs,subsample,20000,homology@0.7,1,4,RF,0.8562,0.9355735199999999,0.8591576885406464
demo_coding_vs_intergenomic_seqs,subsample,20000,homology@0.7,1,4,HGB,0.887,0.9546628800000001,0.8878745782893431
demo_coding_vs_intergenomic_seqs,subsample,20000,homology@0.7,2,4,LR,0.8874,0.9574588800000001,0.8883158103550883
demo_coding_vs_intergenomic_seqs,subsample,20000,homology@0.7,2,4,LinearSVC,0.8894,0.9587014400000001,0.8903430497719611
demo_coding_vs_intergenomic_seqs,subsample,20000,homology@0.7,2,4,RF,0.8702,0.9422619999999999,0.8732174252783746
demo_coding_vs_intergenomic_seqs,subsample,20000,homology@0.7,2,4,HGB,0.8924,0.95921664,0.8929566255471548
demo_coding_vs_intergenomic_seqs,subsample,20000,original,-1,6,LR,0.8878,0.9576025600000001,0.8883582089552239
demo_coding_vs_intergenomic_seqs,subsample,20000,original,-1,6,LinearSVC,0.8902,0.9536896000000001,0.8904410297345839
demo_coding_vs_intergenomic_seqs,subsample,20000,original,-1,6,RF,0.8414,0.92726632,0.8450263826460817
demo_coding_vs_intergenomic_seqs,subsample,20000,original,-1,6,HGB,0.8702,0.94751264,0.8718151293699388
demo_coding_vs_intergenomic_seqs,subsample,20000,random,0,6,LR,0.894,0.960808,0.8942959712804148
demo_coding_vs_intergenomic_seqs,subsample,20000,random,0,6,LinearSVC,0.8906,0.95555232,0.8905343205923554
demo_coding_vs_intergenomic_seqs,subsample,20000,random,0,6,RF,0.8484,0.93281568,0.8509047993705744
demo_coding_vs_intergenomic_seqs,subsample,20000,random,0,6,HGB,0.8808,0.9528265600000001,0.8816050854191498
demo_coding_vs_intergenomic_seqs,subsample,20000,random,1,6,LR,0.891,0.9594724800000001,0.890715861239222
demo_coding_vs_intergenomic_seqs,subsample,20000,random,1,6,LinearSVC,0.8852,0.9529168000000001,0.8853375948861366
demo_coding_vs_intergenomic_seqs,subsample,20000,random,1,6,RF,0.8574,0.93303464,0.8591744025281454
demo_coding_vs_intergenomic_seqs,subsample,20000,random,1,6,HGB,0.8748,0.9496556799999999,0.8753484667463162
demo_coding_vs_intergenomic_seqs,subsample,20000,random,2,6,LR,0.8864,0.95634336,0.8865814696485623
demo_coding_vs_intergenomic_seqs,subsample,20000,random,2,6,LinearSVC,0.8822,0.94917344,0.8825991628463224
demo_coding_vs_intergenomic_seqs,subsample,20000,random,2,6,RF,0.8336,0.92264896,0.8374364986322782
demo_coding_vs_intergenomic_seqs,subsample,20000,random,2,6,HGB,0.8706,0.94595312,0.8722101520837449
demo_coding_vs_intergenomic_seqs,subsample,20000,homology@0.7,0,6,LR,0.8822,0.9563534399999999,0.8827860696517413
demo_coding_vs_intergenomic_seqs,subsample,20000,homology@0.7,0,6,LinearSVC,0.8808,0.95006544,0.8811802232854864
demo_coding_vs_intergenomic_seqs,subsample,20000,homology@0.7,0,6,RF,0.8408,0.9242820799999999,0.8437377306635258
demo_coding_vs_intergenomic_seqs,subsample,20000,homology@0.7,0,6,HGB,0.8698,0.94355088,0.8710635769459298
demo_coding_vs_intergenomic_seqs,subsample,20000,homology@0.7,1,6,LR,0.8912,0.9596849600000001,0.8910256410256411
demo_coding_vs_intergenomic_seqs,subsample,20000,homology@0.7,1,6,LinearSVC,0.8862,0.95519664,0.8864498104170824
demo_coding_vs_intergenomic_seqs,subsample,20000,homology@0.7,1,6,RF,0.8416,0.92726064,0.8448883666274971
demo_coding_vs_intergenomic_seqs,subsample,20000,homology@0.7,1,6,HGB,0.876,0.94928064,0.8775671406003159
demo_coding_vs_intergenomic_seqs,subsample,20000,homology@0.7,2,6,LR,0.8988,0.9627048,0.8995234312946783
demo_coding_vs_intergenomic_seqs,subsample,20000,homology@0.7,2,6,LinearSVC,0.8882,0.95703088,0.8891093037095814
demo_coding_vs_intergenomic_seqs,subsample,20000,homology@0.7,2,6,RF,0.8498,0.9323682400000001,0.8534634146341463
demo_coding_vs_intergenomic_seqs,subsample,20000,homology@0.7,2,6,HGB,0.8844,0.9537633600000001,0.8854084060269627
drosophila_enhancers_stark,subsample,6914,original,-1,4,LR,0.7005780346820809,0.7614287146246117,0.7144432194046306
drosophila_enhancers_stark,subsample,6914,original,-1,4,LinearSVC,0.6947976878612717,0.7590898459687927,0.705685618729097
drosophila_enhancers_stark,subsample,6914,original,-1,4,RF,0.6815028901734104,0.7546252798289284,0.7000544365813827
drosophila_enhancers_stark,subsample,6914,original,-1,4,HGB,0.6890173410404624,0.7511443750208827,0.7011111111111111
drosophila_enhancers_stark,subsample,6914,random,0,4,LR,0.684393063583815,0.7276808446657088,0.7022900763358778
drosophila_enhancers_stark,subsample,6914,random,0,4,LinearSVC,0.6757225433526012,0.7297363760900798,0.6915887850467289
drosophila_enhancers_stark,subsample,6914,random,0,4,RF,0.6745664739884393,0.7306665775669083,0.6941879413362303
drosophila_enhancers_stark,subsample,6914,random,0,4,HGB,0.6635838150289017,0.7361796251127668,0.6788079470198676
drosophila_enhancers_stark,subsample,6914,random,1,4,LR,0.6791907514450867,0.7277931103611881,0.6985334057577404
drosophila_enhancers_stark,subsample,6914,random,1,4,LinearSVC,0.6838150289017341,0.7277196030605767,0.7002739726027397
drosophila_enhancers_stark,subsample,6914,random,1,4,RF,0.6705202312138728,0.7261538975575529,0.6938775510204082
drosophila_enhancers_stark,subsample,6914,random,1,4,HGB,0.684971098265896,0.7375401784222662,0.706199460916442
drosophila_enhancers_stark,subsample,6914,random,2,4,LR,0.6861271676300578,0.7298887366768019,0.7047308319738989
drosophila_enhancers_stark,subsample,6914,random,2,4,LinearSVC,0.6919075144508671,0.7339182732466838,0.710168569874932
drosophila_enhancers_stark,subsample,6914,random,2,4,RF,0.6751445086705202,0.7245808413244679,0.6958874458874459
drosophila_enhancers_stark,subsample,6914,random,2,4,HGB,0.6797687861271676,0.738011961642554,0.6995661605206074
drosophila_enhancers_stark,subsample,6914,homology@0.7,0,4,LR,0.6776429809358753,0.7292666777023672,0.6950819672131148
drosophila_enhancers_stark,subsample,6914,homology@0.7,0,4,LinearSVC,0.6683997689196995,0.7261001436421016,0.6853070175438597
drosophila_enhancers_stark,subsample,6914,homology@0.7,0,4,RF,0.6811091854419411,0.7278816527919432,0.7051282051282052
drosophila_enhancers_stark,subsample,6914,homology@0.7,0,4,HGB,0.6764875794338533,0.732068766653673,0.6963123644251626
drosophila_enhancers_stark,subsample,6914,homology@0.7,1,4,LR,0.6891969959560947,0.753513605878081,0.7047200878155873
drosophila_enhancers_stark,subsample,6914,homology@0.7,1,4,LinearSVC,0.6891969959560947,0.7502736661113247,0.7011111111111111
drosophila_enhancers_stark,subsample,6914,homology@0.7,1,4,RF,0.682842287694974,0.747123168439489,0.7014681892332789
drosophila_enhancers_stark,subsample,6914,homology@0.7,1,4,HGB,0.6868861929520509,0.7595436050237088,0.7054347826086956
drosophila_enhancers_stark,subsample,6914,homology@0.7,2,4,LR,0.6886192952050838,0.7419314789796604,0.7056253413435282
drosophila_enhancers_stark,subsample,6914,homology@0.7,2,4,LinearSVC,0.6874638937030618,0.7412519824211972,0.7009397457158651
drosophila_enhancers_stark,subsample,6914,homology@0.7,2,4,RF,0.6666666666666666,0.7319239230847274,0.6896180742334589
drosophila_enhancers_stark,subsample,6914,homology@0.7,2,4,HGB,0.6770652801848642,0.7389651894847574,0.6963606735469854
drosophila_enhancers_stark,subsample,6914,original,-1,6,LR,0.7179190751445087,0.786945103411407,0.7309812568908489
drosophila_enhancers_stark,subsample,6914,original,-1,6,LinearSVC,0.6872832369942197,0.7624217314310535,0.6924388857305287
drosophila_enhancers_stark,subsample,6914,original,-1,6,RF,0.7057803468208093,0.7567924087005914,0.7210958904109589
drosophila_enhancers_stark,subsample,6914,original,-1,6,HGB,0.6890173410404624,0.7531611480503858,0.6997767857142857
drosophila_enhancers_stark,subsample,6914,random,0,6,LR,0.684393063583815,0.7471589428313676,0.6990077177508269
drosophila_enhancers_stark,subsample,6914,random,0,6,LinearSVC,0.6763005780346821,0.7358281265662067,0.6843291995490417
drosophila_enhancers_stark,subsample,6914,random,0,6,RF,0.6647398843930635,0.7059834942697717,0.6854663774403471
drosophila_enhancers_stark,subsample,6914,random,0,6,HGB,0.6699421965317919,0.7285976811787898,0.6797532249018509
drosophila_enhancers_stark,subsample,6914,random,1,6,LR,0.6988439306358382,0.7551899495472619,0.7160762942779292
drosophila_enhancers_stark,subsample,6914,random,1,6,LinearSVC,0.6734104046242775,0.7346627017274217,0.6769582618639223
drosophila_enhancers_stark,subsample,6914,random,1,6,RF,0.6872832369942197,0.7267346052323833,0.7061379684953829
drosophila_enhancers_stark,subsample,6914,random,1,6,HGB,0.6739884393063584,0.733618898058739,0.6866666666666666
drosophila_enhancers_stark,subsample,6914,random,2,6,LR,0.6971098265895954,0.7510160713689062,0.7155266015200868
drosophila_enhancers_stark,subsample,6914,random,2,6,LinearSVC,0.6913294797687861,0.7468435296869258,0.7010078387458006
drosophila_enhancers_stark,subsample,6914,random,2,6,RF,0.6676300578034682,0.708197400514551,0.6835443037974683
drosophila_enhancers_stark,subsample,6914,random,2,6,HGB,0.6728323699421965,0.7301747469009991,0.6852057842046718
drosophila_enhancers_stark,subsample,6914,homology@0.7,0,6,LR,0.6949740034662045,0.7508116579716027,0.7127312295973884
drosophila_enhancers_stark,subsample,6914,homology@0.7,0,6,LinearSVC,0.6660889659156557,0.7276059827736274,0.675645342312009
drosophila_enhancers_stark,subsample,6914,homology@0.7,0,6,RF,0.6822645869439631,0.7241063752529756,0.7052518756698821
drosophila_enhancers_stark,subsample,6914,homology@0.7,0,6,HGB,0.6712882726747544,0.7315534706388068,0.6885604816639299
drosophila_enhancers_stark,subsample,6914,homology@0.7,1,6,LR,0.7169266320046216,0.7770542312785681,0.7298787210584344
drosophila_enhancers_stark,subsample,6914,homology@0.7,1,6,LinearSVC,0.6874638937030618,0.7524456405655944,0.6917378917378917
drosophila_enhancers_stark,subsample,6914,homology@0.7,1,6,RF,0.6851530906990179,0.7306084198385236,0.7039652362846279
drosophila_enhancers_stark,subsample,6914,homology@0.7,1,6,HGB,0.683419988445985,0.7531852065444914,0.6935123042505593
drosophila_enhancers_stark,subsample,6914,homology@0.7,2,6,LR,0.706528018486424,0.7583181592451582,0.7251082251082251
drosophila_enhancers_stark,subsample,6914,homology@0.7,2,6,LinearSVC,0.6863084922010398,0.744231621553791,0.6974930362116991
drosophila_enhancers_stark,subsample,6914,homology@0.7,2,6,RF,0.6712882726747544,0.7213122960842843,0.6889010388190268
drosophila_enhancers_stark,subsample,6914,homology@0.7,2,6,HGB,0.6724436741767764,0.7221259565015407,0.6879471656576774
human_nontata_promoters,full,36131,original,-1,4,LR,0.8267655523577596,0.8973607901452637,0.8328527181458935
human_nontata_promoters,full,36131,original,-1,4,LinearSVC,0.8295328758025238,0.8987901388424779,0.8347993992705428
human_nontata_promoters,full,36131,original,-1,4,RF,0.8878680540181536,0.9811423231102572,0.8880539286108963
human_nontata_promoters,full,36131,original,-1,4,HGB,0.8701571839716626,0.9425933513576392,0.871620882127613
human_nontata_promoters,full,36131,random,0,4,LR,0.8274297099845029,0.8977577793106752,0.8324196495754058
human_nontata_promoters,full,36131,random,0,4,LinearSVC,0.8259907017932256,0.899684142438942,0.8303475070148931
human_nontata_promoters,full,36131,random,0,4,RF,0.8869825105158291,0.9821670757823519,0.8870949906004645
human_nontata_promoters,full,36131,random,0,4,HGB,0.8684967899048041,0.9407420689225945,0.8697368421052631
human_nontata_promoters,full,36131,random,1,4,LR,0.83462475094089,0.9053163305200301,0.839974293059126
human_nontata_promoters,full,36131,random,1,4,LinearSVC,0.8384990037635599,0.9064480731799662,0.8430001076078769
human_nontata_promoters,full,36131,random,1,4,RF,0.8929599291565198,0.982815684060443,0.8935373775184411
human_nontata_promoters,full,36131,random,1,4,HGB,0.8752490591100288,0.9454383662836316,0.8776728535764681
human_nontata_promoters,full,36131,random,2,4,LR,0.8295328758025238,0.8980113248358783,0.8334414882111183
human_nontata_promoters,full,36131,random,2,4,LinearSVC,0.8306398051804295,0.8993772995005899,0.8336956521739131
human_nontata_promoters,full,36131,random,2,4,RF,0.8866504317024574,0.9835997092598945,0.8862727676588184
human_nontata_promoters,full,36131,random,2,4,HGB,0.869271640469338,0.9406117644037001,0.8699195946690164
human_nontata_promoters,full,36131,homology@0.7,0,4,LR,0.8234708549939166,0.8933667796061894,0.8297055057618438
human_nontata_promoters,full,36131,homology@0.7,0,4,LinearSVC,0.8223647826567858,0.8941029986750029,0.8282720273738238
human_nontata_promoters,full,36131,homology@0.7,0,4,RF,0.8137374184271652,0.902661360432244,0.8292435611437842
human_nontata_promoters,full,36131,homology@0.7,0,4,HGB,0.8221435681893596,0.9011445666983411,0.8336092715231788
human_nontata_promoters,full,36131,homology@0.7,1,4,LR,0.8107360265633647,0.8794832575468896,0.8183556405353728
human_nontata_promoters,full,36131,homology@0.7,1,4,LinearSVC,0.8064194798007748,0.8796016337396151,0.8136387852956846
human_nontata_promoters,full,36131,homology@0.7,1,4,RF,0.8079690094078583,0.8887727514894066,0.8257857214579777
human_nontata_promoters,full,36131,homology@0.7,1,4,HGB,0.8116214720531267,0.8884867621143242,0.8257575757575758
human_nontata_promoters,full,36131,homology@0.7,2,4,LR,0.8202831232028313,0.8922896419419688,0.8250995587127328
human_nontata_promoters,full,36131,homology@0.7,2,4,LinearSVC,0.8200619332006194,0.8923330764403787,0.8243928764166217
human_nontata_promoters,full,36131,homology@0.7,2,4,RF,0.8076752930767529,0.894850403896464,0.8243611756388244
human_nontata_promoters,full,36131,homology@0.7,2,4,HGB,0.8209466932094669,0.8989737724651509,0.8311607049744499
human_nontata_promoters,full,36131,original,-1,6,LR,0.8701571839716626,0.9381149855877176,0.8747463961558997
human_nontata_promoters,full,36131,original,-1,6,LinearSVC,0.8876466681425725,0.9449576522662392,0.8924902023090774
human_nontata_promoters,full,36131,original,-1,6,RF,0.9283816692495018,0.9938008291971033,0.9306612367377559
human_nontata_promoters,full,36131,original,-1,6,HGB,0.8905246845251273,0.9570199583746708,0.8929306051748404
human_nontata_promoters,full,36131,random,0,6,LR,0.8691609475315475,0.937423749258146,0.8730670103092784
human_nontata_promoters,full,36131,random,0,6,LinearSVC,0.8857648882001329,0.9428669513311634,0.890631623569309
human_nontata_promoters,full,36131,random,0,6,RF,0.9303741421297321,0.9938563246963369,0.9328206771333974
human_nontata_promoters,full,36131,random,0,6,HGB,0.890081912773965,0.9595042896020403,0.8925905895078421
human_nontata_promoters,full,36131,random,1,6,LR,0.8806730130617667,0.9427089361090468,0.8849765258215962
human_nontata_promoters,full,36131,random,1,6,LinearSVC,0.8925171574053575,0.9474230651347243,0.8974765072326047
human_nontata_promoters,full,36131,random,1,6,RF,0.933473544387868,0.994134814793959,0.9358111716330236
human_nontata_promoters,full,36131,random,1,6,HGB,0.8962807172902368,0.9612583129022466,0.8990845449649973
human_nontata_promoters,full,36131,random,2,6,LR,0.8749169802966571,0.939287874443347,0.8780487804878049
human_nontata_promoters,full,36131,random,2,6,LinearSVC,0.8906353774629179,0.9461343445517226,0.8950053134962805
human_nontata_promoters,full,36131,random,2,6,RF,0.9251715740535754,0.9944368417010024,0.9271237602414834
human_nontata_promoters,full,36131,random,2,6,HGB,0.8904139915873367,0.9577605158043623,0.8921803528642998
human_nontata_promoters,full,36131,homology@0.7,0,6,LR,0.8294436456144232,0.9120258648108488,0.8421052631578947
human_nontata_promoters,full,36131,homology@0.7,0,6,LinearSVC,0.808317663975224,0.9032850262509191,0.8312725148476292
human_nontata_promoters,full,36131,homology@0.7,0,6,RF,0.820042030748811,0.9293941257312264,0.8451213707758211
human_nontata_promoters,full,36131,homology@0.7,0,6,HGB,0.8270102864727353,0.9146265475763699,0.8420840064620355
human_nontata_promoters,full,36131,homology@0.7,1,6,LR,0.8180409518539015,0.8976058279212153,0.8323817292006526
human_nontata_promoters,full,36131,homology@0.7,1,6,LinearSVC,0.800885445489762,0.8922166739657911,0.8250510551395507
human_nontata_promoters,full,36131,homology@0.7,1,6,RF,0.811289429994466,0.9178517373002643,0.8391054071907144
human_nontata_promoters,full,36131,homology@0.7,1,6,HGB,0.8205866076369673,0.9050348599861998,0.835914566251645
human_nontata_promoters,full,36131,homology@0.7,2,6,LR,0.8424021234240212,0.9119578773121844,0.8517632372828462
human_nontata_promoters,full,36131,homology@0.7,2,6,LinearSVC,0.809776598097766,0.9024907836037086,0.8313725490196079
human_nontata_promoters,full,36131,homology@0.7,2,6,RF,0.8073435080734351,0.9187482522667779,0.8350691156977845
human_nontata_promoters,full,36131,homology@0.7,2,6,HGB,0.8255916832559168,0.9086784494288339,0.8382729976412676
human_enhancers_ensembl,full,154842,original,-1,4,LR,0.7337100419761059,0.8020309278855693,0.7353762233274507
human_enhancers_ensembl,full,154842,original,-1,4,LinearSVC,0.7428802066515984,0.8138027165768866,0.7449799839871898
human_enhancers_ensembl,full,154842,original,-1,4,RF,0.84972554084598,0.93980015866282,0.8550607287449393
human_enhancers_ensembl,full,154842,original,-1,4,HGB,0.7381659670649016,0.8131116418870262,0.7415458167330677
human_enhancers_ensembl,full,154842,random,0,4,LR,0.7394575395544075,0.8109888818212214,0.7389771293630512
human_enhancers_ensembl,full,154842,random,0,4,LinearSVC,0.7462060058120762,0.8200034155565674,0.7458120432054848
human_enhancers_ensembl,full,154842,random,0,4,RF,0.8536971262512109,0.9434805835096802,0.8589044935073024
human_enhancers_ensembl,full,154842,random,0,4,HGB,0.7488860187278011,0.8233078143159154,0.751509729367032
human_enhancers_ensembl,full,154842,random,1,4,LR,0.7358088472715532,0.8056992564908868,0.7372679982017853
human_enhancers_ensembl,full,154842,random,1,4,LinearSVC,0.7455925088795609,0.8153866590403975,0.7472816499342464
human_enhancers_ensembl,full,154842,random,1,4,RF,0.8498869874071683,0.9402205140037299,0.8554010761718143
human_enhancers_ensembl,full,154842,random,1,4,HGB,0.7389086212463675,0.8157919675826566,0.7422706699815134
human_enhancers_ensembl,full,154842,random,2,4,LR,0.7376493380690992,0.8070429110050462,0.7392574050896955
human_enhancers_ensembl,full,154842,random,2,4,LinearSVC,0.7446884081369067,0.8166307244326668,0.746204461563152
human_enhancers_ensembl,full,154842,random,2,4,RF,0.8489183080400388,0.9413336893463724,0.8542322190722452
human_enhancers_ensembl,full,154842,random,2,4,HGB,0.7444946722634808,0.8193457853793952,0.7484502654417141
human_enhancers_ensembl,full,154842,homology@0.7,0,4,LR,0.7404346001097801,0.8060281229873651,0.7414364285484545
human_enhancers_ensembl,full,154842,homology@0.7,0,4,LinearSVC,0.7487649736850602,0.815542106970848,0.7492830675044305
human_enhancers_ensembl,full,154842,homology@0.7,0,4,RF,0.6915178715572633,0.7893163513644152,0.6358993902439024
human_enhancers_ensembl,full,154842,homology@0.7,0,4,HGB,0.7353007652319912,0.8102192513217789,0.7356677629457664
human_enhancers_ensembl,full,154842,homology@0.7,1,4,LR,0.7379806916147363,0.8072085864306728,0.7391597827135097
human_enhancers_ensembl,full,154842,homology@0.7,1,4,LinearSVC,0.7467953892350909,0.8170913394786312,0.7481533817200848
human_enhancers_ensembl,full,154842,homology@0.7,1,4,RF,0.6899357463433534,0.79040342836378,0.634073848264299
human_enhancers_ensembl,full,154842,homology@0.7,1,4,HGB,0.7366891608278713,0.8115630025918608,0.7368590881223581
human_enhancers_ensembl,full,154842,homology@0.7,2,4,LR,0.736568513496061,0.805538401792703,0.7384516749479083
human_enhancers_ensembl,full,154842,homology@0.7,2,4,LinearSVC,0.7466421283740152,0.8157388516897736,0.7482757514515767
human_enhancers_ensembl,full,154842,homology@0.7,2,4,RF,0.68455379052047,0.7822593705903598,0.6294470150951984
human_enhancers_ensembl,full,154842,homology@0.7,2,4,HGB,0.7332429290972491,0.8080902478863946,0.73526018969495
human_enhancers_ensembl,full,154842,original,-1,6,LR,0.7809493057797869,0.8572588365275633,0.7811895239323958
human_enhancers_ensembl,full,154842,original,-1,6,LinearSVC,0.7980303519535034,0.8745166304554419,0.7985182799162506
human_enhancers_ensembl,full,154842,original,-1,6,RF,0.859573781078463,0.9428419244763726,0.8635179664208379
human_enhancers_ensembl,full,154842,original,-1,6,HGB,0.7636099451081692,0.8406100438423594,0.7632659660468877
human_enhancers_ensembl,full,154842,random,0,6,LR,0.7827575072650953,0.8599724211531381,0.7823921340319555
human_enhancers_ensembl,full,154842,random,0,6,LinearSVC,0.8020665159832095,0.8774694708566803,0.8012965964343598
human_enhancers_ensembl,full,154842,random,0,6,RF,0.8643848886018728,0.9463668726878397,0.8676414975419136
human_enhancers_ensembl,full,154842,random,0,6,HGB,0.7693251533742331,0.8464733387972507,0.7683527885862517
human_enhancers_ensembl,full,154842,random,1,6,LR,0.7810138844042622,0.8583089262484792,0.780985597106504
human_enhancers_ensembl,full,154842,random,1,6,LinearSVC,0.7989667420083952,0.8761278181339155,0.7990835161998193
human_enhancers_ensembl,full,154842,random,1,6,RF,0.8594123345172748,0.9429187286247516,0.8632709458610728
human_enhancers_ensembl,full,154842,random,1,6,HGB,0.7635453664836939,0.8410966522228381,0.7630327152703621
human_enhancers_ensembl,full,154842,random,2,6,LR,0.7791411042944786,0.8570480312120983,0.7795397408625024
human_enhancers_ensembl,full,154842,random,2,6,LinearSVC,0.7990958992573458,0.8758504032097891,0.7997296253379683
human_enhancers_ensembl,full,154842,random,2,6,RF,0.8590571520826606,0.9449852842267491,0.8624893677346187
human_enhancers_ensembl,full,154842,random,2,6,HGB,0.7652889893445269,0.8420039474909264,0.764673508368675
human_enhancers_ensembl,full,154842,homology@0.7,0,6,LR,0.7805689193116141,0.8549071988105723,0.7791642295444207
human_enhancers_ensembl,full,154842,homology@0.7,0,6,LinearSVC,0.7974879726195473,0.8705183543710953,0.7956071172521672
human_enhancers_ensembl,full,154842,homology@0.7,0,6,RF,0.6956507700752317,0.8047274178493009,0.6354424504950495
human_enhancers_ensembl,full,154842,homology@0.7,0,6,HGB,0.7608407865422492,0.8353056357659142,0.757489441115804
human_enhancers_ensembl,full,154842,homology@0.7,1,6,LR,0.7764360207936457,0.8541365143694958,0.7757336270000648
human_enhancers_ensembl,full,154842,homology@0.7,1,6,LinearSVC,0.7935488037196087,0.8702267224502149,0.7921731781837092
human_enhancers_ensembl,full,154842,homology@0.7,1,6,RF,0.6981692551096187,0.8060249180267163,0.6396576979415619
human_enhancers_ensembl,full,154842,homology@0.7,1,6,HGB,0.7574505182267283,0.8341212383500647,0.7534300531740301
human_enhancers_ensembl,full,154842,homology@0.7,2,6,LR,0.7757974945111714,0.8535125487588541,0.7751295336787565
human_enhancers_ensembl,full,154842,homology@0.7,2,6,LinearSVC,0.7946855224073357,0.870081642987677,0.7936260669198065
human_enhancers_ensembl,full,154842,homology@0.7,2,6,RF,0.6931744801756425,0.798442775674688,0.6343734369589473
human_enhancers_ensembl,full,154842,homology@0.7,2,6,HGB,0.7537776055792329,0.834011882192089,0.7515151515151515
