dataset,threshold,is_shuffled_null_threshold,n_test,n_train,leak_ours,verdict_ours,leak_hashfrag,leak_hashfrag_fwd_only,rev_only_hits,rev_only_frac,verdict_hashfrag,verdicts_agree,both,ours_only,hashfrag_only,neither,agreement,kappa,recall_vs_hashfrag,precision_vs_hashfrag
human_nontata_promoters,20,0,9034,27097,0.4064,LEAKY,0.9349,0.9023,295,0.0327,LEAKY,1,3671,0,4775,588,0.4714,0.091,0.4346,1.0
human_nontata_promoters,25,0,9034,27097,0.4064,LEAKY,0.8164,0.7783,344,0.0381,LEAKY,1,3671,0,3704,1659,0.59,0.2669,0.4978,1.0
human_nontata_promoters,30,0,9034,27097,0.4064,LEAKY,0.7288,0.6935,319,0.0353,LEAKY,1,3671,0,2913,2450,0.6776,0.406,0.5576,1.0
human_nontata_promoters,35,0,9034,27097,0.4064,LEAKY,0.6708,0.6359,315,0.0349,LEAKY,1,3671,0,2389,2974,0.7356,0.5029,0.6058,1.0
human_nontata_promoters,40,0,9034,27097,0.4064,LEAKY,0.6223,0.5868,321,0.0355,LEAKY,1,3671,0,1951,3412,0.784,0.587,0.653,1.0
human_nontata_promoters,44,1,9034,27097,0.4064,LEAKY,0.5891,0.5556,303,0.0335,LEAKY,1,3671,0,1651,3712,0.8172,0.6463,0.6898,1.0
human_nontata_promoters,45,0,9034,27097,0.4064,LEAKY,0.5821,0.5488,301,0.0333,LEAKY,1,3671,0,1588,3775,0.8242,0.6589,0.698,1.0
human_nontata_promoters,50,0,9034,27097,0.4064,LEAKY,0.5525,0.5205,289,0.032,LEAKY,1,3671,0,1320,4043,0.8539,0.7134,0.7355,1.0
human_nontata_promoters,55,0,9034,27097,0.4064,LEAKY,0.5315,0.5021,266,0.0294,LEAKY,1,3671,0,1131,4232,0.8748,0.7525,0.7645,1.0
human_nontata_promoters,60,0,9034,27097,0.4064,LEAKY,0.5167,0.4895,246,0.0272,LEAKY,1,3671,0,997,4366,0.8896,0.7807,0.7864,1.0
human_nontata_promoters,65,0,9034,27097,0.4064,LEAKY,0.5104,0.4838,240,0.0266,LEAKY,1,3671,0,940,4423,0.8959,0.7927,0.7961,1.0
human_nontata_promoters,70,0,9034,27097,0.4064,LEAKY,0.5058,0.4806,227,0.0251,LEAKY,1,3671,0,898,4465,0.9006,0.8016,0.8035,1.0
human_nontata_promoters,75,0,9034,27097,0.4064,LEAKY,0.5028,0.479,215,0.0238,LEAKY,1,3671,0,871,4492,0.9036,0.8074,0.8082,1.0
human_nontata_promoters,80,0,9034,27097,0.4064,LEAKY,0.5004,0.4775,207,0.0229,LEAKY,1,3671,0,850,4513,0.9059,0.8119,0.812,1.0
human_nontata_promoters,85,0,9034,27097,0.4064,LEAKY,0.4989,0.4763,204,0.0226,LEAKY,1,3671,0,836,4527,0.9075,0.8148,0.8145,1.0
human_nontata_promoters,90,0,9034,27097,0.4064,LEAKY,0.498,0.4758,201,0.0222,LEAKY,1,3671,0,828,4535,0.9083,0.8166,0.816,1.0
human_nontata_promoters,95,0,9034,27097,0.4064,LEAKY,0.4958,0.4741,196,0.0217,LEAKY,1,3671,0,808,4555,0.9106,0.8208,0.8196,1.0
human_nontata_promoters,100,0,9034,27097,0.4064,LEAKY,0.4947,0.4731,195,0.0216,LEAKY,1,3671,0,798,4565,0.9117,0.823,0.8214,1.0
human_nontata_promoters,120,0,9034,27097,0.4064,LEAKY,0.4882,0.4678,184,0.0204,LEAKY,1,3671,0,739,4624,0.9182,0.8357,0.8324,1.0
human_nontata_promoters,140,0,9034,27097,0.4064,LEAKY,0.4824,0.4626,179,0.0198,LEAKY,1,3671,0,687,4676,0.924,0.8469,0.8424,1.0
human_nontata_promoters,160,0,9034,27097,0.4064,LEAKY,0.4743,0.4566,160,0.0177,LEAKY,1,3671,0,614,4749,0.932,0.8627,0.8567,1.0
human_nontata_promoters,180,0,9034,27097,0.4064,LEAKY,0.4592,0.4454,124,0.0137,LEAKY,1,3671,0,477,4886,0.9472,0.8928,0.885,1.0
human_nontata_promoters,200,0,9034,27097,0.4064,LEAKY,0.4323,0.4216,96,0.0106,LEAKY,1,3670,1,235,5128,0.9739,0.9464,0.9398,0.9997
human_nontata_promoters,220,0,9034,27097,0.4064,LEAKY,0.3779,0.3719,54,0.006,LEAKY,1,3354,317,60,5303,0.9583,0.9125,0.9824,0.9136
human_nontata_promoters,240,0,9034,27097,0.4064,LEAKY,0.215,0.2123,24,0.0027,LEAKY,1,1918,1753,24,5339,0.8033,0.5596,0.9876,0.5225
human_nontata_promoters,260,0,9034,27097,0.4064,LEAKY,0.0,0.0,0,0.0,clean,0,0,3671,0,5363,0.5936,0.0,,0.0
human_nontata_promoters,280,0,9034,27097,0.4064,LEAKY,0.0,0.0,0,0.0,clean,0,0,3671,0,5363,0.5936,0.0,,0.0
human_nontata_promoters,300,0,9034,27097,0.4064,LEAKY,0.0,0.0,0,0.0,clean,0,0,3671,0,5363,0.5936,0.0,,0.0
human_nontata_promoters,320,0,9034,27097,0.4064,LEAKY,0.0,0.0,0,0.0,clean,0,0,3671,0,5363,0.5936,0.0,,0.0
human_nontata_promoters,340,0,9034,27097,0.4064,LEAKY,0.0,0.0,0,0.0,clean,0,0,3671,0,5363,0.5936,0.0,,0.0
human_nontata_promoters,360,0,9034,27097,0.4064,LEAKY,0.0,0.0,0,0.0,clean,0,0,3671,0,5363,0.5936,0.0,,0.0
human_nontata_promoters,380,0,9034,27097,0.4064,LEAKY,0.0,0.0,0,0.0,clean,0,0,3671,0,5363,0.5936,0.0,,0.0
human_nontata_promoters,400,0,9034,27097,0.4064,LEAKY,0.0,0.0,0,0.0,clean,0,0,3671,0,5363,0.5936,0.0,,0.0
human_enhancers_ensembl,20,0,30970,123872,0.3839,LEAKY,0.9546,0.9269,859,0.0277,LEAKY,1,11673,215,17891,1191,0.4154,0.0346,0.3948,0.9819
human_enhancers_ensembl,25,1,30970,123872,0.3839,LEAKY,0.8121,0.7678,1371,0.0443,LEAKY,1,11601,287,13550,5532,0.5532,0.2196,0.4613,0.9759
human_enhancers_ensembl,30,0,30970,123872,0.3839,LEAKY,0.6971,0.6715,794,0.0256,LEAKY,1,11569,319,10020,9062,0.6662,0.3883,0.5359,0.9732
human_enhancers_ensembl,35,0,30970,123872,0.3839,LEAKY,0.6474,0.6301,534,0.0172,LEAKY,1,11531,357,8518,10564,0.7134,0.4636,0.5751,0.97
human_enhancers_ensembl,40,0,30970,123872,0.3839,LEAKY,0.62,0.6067,410,0.0132,LEAKY,1,11498,390,7702,11380,0.7387,0.505,0.5989,0.9672
human_enhancers_ensembl,45,0,30970,123872,0.3839,LEAKY,0.6013,0.5903,340,0.011,LEAKY,1,11462,426,7160,11922,0.7551,0.5321,0.6155,0.9642
human_enhancers_ensembl,50,0,30970,123872,0.3839,LEAKY,0.5873,0.5779,291,0.0094,LEAKY,1,11426,462,6762,12320,0.7667,0.5517,0.6282,0.9611
human_enhancers_ensembl,55,0,30970,123872,0.3839,LEAKY,0.5747,0.5653,292,0.0094,LEAKY,1,11392,496,6407,12675,0.7771,0.5692,0.64,0.9583
human_enhancers_ensembl,60,0,30970,123872,0.3839,LEAKY,0.563,0.5542,272,0.0088,LEAKY,1,11349,539,6086,12996,0.7861,0.5843,0.6509,0.9547
human_enhancers_ensembl,65,0,30970,123872,0.3839,LEAKY,0.5517,0.5443,228,0.0074,LEAKY,1,11305,583,5780,13302,0.7945,0.5987,0.6617,0.951
human_enhancers_ensembl,70,0,30970,123872,0.3839,LEAKY,0.5416,0.5345,221,0.0071,LEAKY,1,11267,621,5507,13575,0.8021,0.6118,0.6717,0.9478
human_enhancers_ensembl,75,0,30970,123872,0.3839,LEAKY,0.5314,0.5236,243,0.0078,LEAKY,1,11223,665,5235,13847,0.8095,0.6245,0.6819,0.9441
human_enhancers_ensembl,80,0,30970,123872,0.3839,LEAKY,0.5217,0.514,239,0.0077,LEAKY,1,11179,709,4979,14103,0.8163,0.6363,0.6919,0.9404
human_enhancers_ensembl,85,0,30970,123872,0.3839,LEAKY,0.5117,0.5043,230,0.0074,LEAKY,1,11123,765,4725,14357,0.8227,0.6474,0.7019,0.9356
human_enhancers_ensembl,90,0,30970,123872,0.3839,LEAKY,0.5022,0.4944,239,0.0077,LEAKY,1,11073,815,4479,14603,0.8291,0.6585,0.712,0.9314
human_enhancers_ensembl,95,0,30970,123872,0.3839,LEAKY,0.494,0.4866,228,0.0074,LEAKY,1,11028,860,4270,14812,0.8344,0.6678,0.7209,0.9277
human_enhancers_ensembl,100,0,30970,123872,0.3839,LEAKY,0.4848,0.4776,222,0.0072,LEAKY,1,10959,929,4055,15027,0.8391,0.6758,0.7299,0.9219
human_enhancers_ensembl,120,0,30970,123872,0.3839,LEAKY,0.4452,0.439,192,0.0062,LEAKY,1,10607,1281,3182,15900,0.8559,0.7043,0.7692,0.8922
human_enhancers_ensembl,140,0,30970,123872,0.3839,LEAKY,0.4057,0.4003,167,0.0054,LEAKY,1,10104,1784,2460,16622,0.863,0.7134,0.8042,0.8499
human_enhancers_ensembl,160,0,30970,123872,0.3839,LEAKY,0.3686,0.3642,137,0.0044,LEAKY,1,9492,2396,1923,17159,0.8605,0.7029,0.8315,0.7985
human_enhancers_ensembl,180,0,30970,123872,0.3839,LEAKY,0.3328,0.3298,93,0.003,LEAKY,1,8862,3026,1445,17637,0.8556,0.687,0.8598,0.7455
human_enhancers_ensembl,200,0,30970,123872,0.3839,LEAKY,0.3012,0.2982,93,0.003,LEAKY,1,8249,3639,1080,18002,0.8476,0.6642,0.8842,0.6939
human_enhancers_ensembl,220,0,30970,123872,0.3839,LEAKY,0.2705,0.2679,78,0.0025,LEAKY,1,7613,4275,763,18319,0.8373,0.6358,0.9089,0.6404
human_enhancers_ensembl,240,0,30970,123872,0.3839,LEAKY,0.2393,0.2379,45,0.0015,LEAKY,1,6913,4975,499,18583,0.8232,0.5978,0.9327,0.5815
human_enhancers_ensembl,260,0,30970,123872,0.3839,LEAKY,0.2131,0.2122,28,0.0009,LEAKY,1,6262,5626,338,18744,0.8074,0.5556,0.9488,0.5267
human_enhancers_ensembl,280,0,30970,123872,0.3839,LEAKY,0.1883,0.1872,34,0.0011,LEAKY,1,5584,6304,249,18833,0.7884,0.5052,0.9573,0.4697
human_enhancers_ensembl,300,0,30970,123872,0.3839,LEAKY,0.165,0.1645,14,0.0005,LEAKY,1,4932,6956,177,18905,0.7697,0.4544,0.9654,0.4149
human_enhancers_ensembl,320,0,30970,123872,0.3839,LEAKY,0.1439,0.1437,7,0.0002,LEAKY,1,4347,7541,111,18971,0.7529,0.4079,0.9751,0.3657
human_enhancers_ensembl,340,0,30970,123872,0.3839,LEAKY,0.1221,0.1218,9,0.0003,LEAKY,1,3711,8177,71,19011,0.7337,0.3539,0.9812,0.3122
human_enhancers_ensembl,360,0,30970,123872,0.3839,LEAKY,0.1015,0.1015,3,0.0001,LEAKY,1,3099,8789,46,19036,0.7147,0.2998,0.9854,0.2607
human_enhancers_ensembl,380,0,30970,123872,0.3839,LEAKY,0.0783,0.0782,4,0.0001,clean,0,2399,9489,27,19055,0.6927,0.2358,0.9889,0.2018
human_enhancers_ensembl,400,0,30970,123872,0.3839,LEAKY,0.0552,0.0551,6,0.0002,clean,0,1696,10192,15,19067,0.6704,0.1692,0.9912,0.1427
human_enhancers_cohn,20,0,5000,15000,0.0012,clean,0.9896,0.9482,207,0.0414,LEAKY,0,6,0,4942,52,0.0116,0.0,0.0012,1.0
human_enhancers_cohn,25,0,5000,15000,0.0012,clean,0.7548,0.6744,402,0.0804,LEAKY,0,6,0,3768,1226,0.2464,0.0008,0.0016,1.0
human_enhancers_cohn,28,1,5000,15000,0.0012,clean,0.619,0.5628,281,0.0562,LEAKY,0,6,0,3089,1905,0.3822,0.0015,0.0019,1.0
human_enhancers_cohn,30,0,5000,15000,0.0012,clean,0.5632,0.516,236,0.0472,LEAKY,0,6,0,2810,2184,0.438,0.0019,0.0021,1.0
human_enhancers_cohn,35,0,5000,15000,0.0012,clean,0.4768,0.4478,145,0.029,LEAKY,0,6,0,2378,2616,0.5244,0.0026,0.0025,1.0
human_enhancers_cohn,40,0,5000,15000,0.0012,clean,0.4366,0.4124,121,0.0242,LEAKY,0,6,0,2177,2817,0.5646,0.0031,0.0027,1.0
human_enhancers_cohn,45,0,5000,15000,0.0012,clean,0.409,0.3904,93,0.0186,LEAKY,0,6,0,2039,2955,0.5922,0.0035,0.0029,1.0
human_enhancers_cohn,50,0,5000,15000,0.0012,clean,0.3882,0.37,91,0.0182,LEAKY,0,6,0,1935,3059,0.613,0.0038,0.0031,1.0
human_enhancers_cohn,55,0,5000,15000,0.0012,clean,0.3682,0.3488,97,0.0194,LEAKY,0,6,0,1835,3159,0.633,0.0041,0.0033,1.0
human_enhancers_cohn,60,0,5000,15000,0.0012,clean,0.3502,0.3332,85,0.017,LEAKY,0,6,0,1745,3249,0.651,0.0044,0.0034,1.0
human_enhancers_cohn,65,0,5000,15000,0.0012,clean,0.338,0.3192,94,0.0188,LEAKY,0,6,0,1684,3310,0.6632,0.0047,0.0036,1.0
human_enhancers_cohn,70,0,5000,15000,0.0012,clean,0.3244,0.3064,90,0.018,LEAKY,0,6,0,1616,3378,0.6768,0.005,0.0037,1.0
human_enhancers_cohn,75,0,5000,15000,0.0012,clean,0.3138,0.2964,87,0.0174,LEAKY,0,6,0,1563,3431,0.6874,0.0052,0.0038,1.0
human_enhancers_cohn,80,0,5000,15000,0.0012,clean,0.3044,0.2862,91,0.0182,LEAKY,0,6,0,1516,3478,0.6968,0.0055,0.0039,1.0
human_enhancers_cohn,85,0,5000,15000,0.0012,clean,0.2902,0.2742,80,0.016,LEAKY,0,6,0,1445,3549,0.711,0.0059,0.0041,1.0
human_enhancers_cohn,90,0,5000,15000,0.0012,clean,0.277,0.263,70,0.014,LEAKY,0,6,0,1379,3615,0.7242,0.0063,0.0043,1.0
human_enhancers_cohn,95,0,5000,15000,0.0012,clean,0.2678,0.2542,68,0.0136,LEAKY,0,6,0,1333,3661,0.7334,0.0065,0.0045,1.0
human_enhancers_cohn,100,0,5000,15000,0.0012,clean,0.2604,0.2448,78,0.0156,LEAKY,0,6,0,1296,3698,0.7408,0.0068,0.0046,1.0
human_enhancers_cohn,120,0,5000,15000,0.0012,clean,0.2246,0.2092,77,0.0154,LEAKY,0,6,0,1117,3877,0.7766,0.0083,0.0053,1.0
human_enhancers_cohn,140,0,5000,15000,0.0012,clean,0.197,0.1794,88,0.0176,LEAKY,0,6,0,979,4015,0.8042,0.0097,0.0061,1.0
human_enhancers_cohn,160,0,5000,15000,0.0012,clean,0.169,0.1554,68,0.0136,LEAKY,0,6,0,839,4155,0.8322,0.0117,0.0071,1.0
human_enhancers_cohn,180,0,5000,15000,0.0012,clean,0.1424,0.128,72,0.0144,LEAKY,0,6,0,706,4288,0.8588,0.0144,0.0084,1.0
human_enhancers_cohn,200,0,5000,15000,0.0012,clean,0.1136,0.1026,55,0.011,LEAKY,0,6,0,562,4432,0.8876,0.0186,0.0106,1.0
human_enhancers_cohn,220,0,5000,15000,0.0012,clean,0.0858,0.0758,50,0.01,clean,1,6,0,423,4571,0.9154,0.0253,0.014,1.0
human_enhancers_cohn,240,0,5000,15000,0.0012,clean,0.064,0.0548,46,0.0092,clean,1,6,0,314,4680,0.9372,0.0345,0.0187,1.0
human_enhancers_cohn,260,0,5000,15000,0.0012,clean,0.0498,0.0434,32,0.0064,clean,1,6,0,243,4751,0.9514,0.0448,0.0241,1.0
human_enhancers_cohn,280,0,5000,15000,0.0012,clean,0.0408,0.0348,30,0.006,clean,1,6,0,198,4796,0.9604,0.0549,0.0294,1.0
human_enhancers_cohn,300,0,5000,15000,0.0012,clean,0.0348,0.0308,20,0.004,clean,1,6,0,168,4826,0.9664,0.0645,0.0345,1.0
human_enhancers_cohn,320,0,5000,15000,0.0012,clean,0.0306,0.0272,17,0.0034,clean,1,6,0,147,4847,0.9706,0.0733,0.0392,1.0
human_enhancers_cohn,340,0,5000,15000,0.0012,clean,0.0282,0.0238,22,0.0044,clean,1,6,0,135,4859,0.973,0.0795,0.0426,1.0
human_enhancers_cohn,360,0,5000,15000,0.0012,clean,0.0242,0.0194,24,0.0048,clean,1,6,0,115,4879,0.977,0.0924,0.0496,1.0
human_enhancers_cohn,380,0,5000,15000,0.0012,clean,0.0194,0.0158,18,0.0036,clean,1,6,0,91,4903,0.9818,0.1145,0.0619,1.0
human_enhancers_cohn,400,0,5000,15000,0.0012,clean,0.0164,0.0122,21,0.0042,clean,1,6,0,76,4918,0.9848,0.1344,0.0732,1.0
human_ocr_ensembl,20,0,4000,16000,0.0015,clean,0.9085,0.8153,373,0.0932,LEAKY,0,6,0,3628,366,0.093,0.0003,0.0017,1.0
human_ocr_ensembl,25,0,4000,16000,0.0015,clean,0.6152,0.5513,256,0.064,LEAKY,0,6,0,2455,1539,0.3862,0.0019,0.0024,1.0
human_ocr_ensembl,30,0,4000,16000,0.0015,clean,0.4985,0.463,142,0.0355,LEAKY,0,6,0,1988,2006,0.503,0.003,0.003,1.0
human_ocr_ensembl,35,0,4000,16000,0.0015,clean,0.4487,0.421,111,0.0278,LEAKY,0,6,0,1789,2205,0.5527,0.0037,0.0033,1.0
human_ocr_ensembl,40,0,4000,16000,0.0015,clean,0.422,0.4002,87,0.0217,LEAKY,0,6,0,1682,2312,0.5795,0.0041,0.0036,1.0
human_ocr_ensembl,45,0,4000,16000,0.0015,clean,0.4007,0.3815,77,0.0192,LEAKY,0,6,0,1597,2397,0.6008,0.0045,0.0037,1.0
human_ocr_ensembl,50,0,4000,16000,0.0015,clean,0.3812,0.3615,79,0.0198,LEAKY,0,6,0,1519,2475,0.6202,0.0049,0.0039,1.0
human_ocr_ensembl,55,0,4000,16000,0.0015,clean,0.3658,0.345,83,0.0208,LEAKY,0,6,0,1457,2537,0.6358,0.0052,0.0041,1.0
human_ocr_ensembl,60,0,4000,16000,0.0015,clean,0.3465,0.3265,80,0.02,LEAKY,0,6,0,1380,2614,0.655,0.0057,0.0043,1.0
human_ocr_ensembl,65,0,4000,16000,0.0015,clean,0.3275,0.3083,77,0.0192,LEAKY,0,6,0,1304,2690,0.674,0.0062,0.0046,1.0
human_ocr_ensembl,70,0,4000,16000,0.0015,clean,0.3123,0.2933,76,0.019,LEAKY,0,6,0,1243,2751,0.6893,0.0066,0.0048,1.0
human_ocr_ensembl,75,0,4000,16000,0.0015,clean,0.2993,0.279,81,0.0203,LEAKY,0,6,0,1191,2803,0.7023,0.007,0.005,1.0
human_ocr_ensembl,80,0,4000,16000,0.0015,clean,0.284,0.2665,70,0.0175,LEAKY,0,6,0,1130,2864,0.7175,0.0075,0.0053,1.0
human_ocr_ensembl,85,0,4000,16000,0.0015,clean,0.2692,0.2515,71,0.0177,LEAKY,0,6,0,1071,2923,0.7322,0.0081,0.0056,1.0
human_ocr_ensembl,88,1,4000,16000,0.0015,clean,0.2617,0.2445,69,0.0173,LEAKY,0,6,0,1041,2953,0.7398,0.0084,0.0057,1.0
human_ocr_ensembl,90,0,4000,16000,0.0015,clean,0.2587,0.2395,77,0.0192,LEAKY,0,6,0,1029,2965,0.7428,0.0086,0.0058,1.0
human_ocr_ensembl,95,0,4000,16000,0.0015,clean,0.2465,0.2253,85,0.0213,LEAKY,0,6,0,980,3014,0.755,0.0091,0.0061,1.0
human_ocr_ensembl,100,0,4000,16000,0.0015,clean,0.2313,0.2117,78,0.0195,LEAKY,0,6,0,919,3075,0.7702,0.0099,0.0065,1.0
human_ocr_ensembl,120,0,4000,16000,0.0015,clean,0.186,0.1722,55,0.0138,LEAKY,0,6,0,738,3256,0.8155,0.0131,0.0081,1.0
human_ocr_ensembl,140,0,4000,16000,0.0015,clean,0.147,0.1315,62,0.0155,LEAKY,0,6,0,582,3412,0.8545,0.0173,0.0102,1.0
human_ocr_ensembl,160,0,4000,16000,0.0015,clean,0.116,0.101,60,0.015,LEAKY,0,6,0,458,3536,0.8855,0.0226,0.0129,1.0
human_ocr_ensembl,180,0,4000,16000,0.0015,clean,0.0867,0.0762,42,0.0105,clean,1,6,0,341,3653,0.9147,0.0311,0.0173,1.0
human_ocr_ensembl,200,0,4000,16000,0.0015,clean,0.0688,0.0585,41,0.0103,clean,1,6,0,269,3725,0.9327,0.0399,0.0218,1.0
human_ocr_ensembl,220,0,4000,16000,0.0015,clean,0.049,0.0408,33,0.0083,clean,1,4,2,192,3802,0.9515,0.0368,0.0204,0.6667
human_ocr_ensembl,240,0,4000,16000,0.0015,clean,0.0352,0.0295,23,0.0057,clean,1,4,2,137,3857,0.9653,0.0517,0.0284,0.6667
human_ocr_ensembl,260,0,4000,16000,0.0015,clean,0.0257,0.0208,20,0.005,clean,1,4,2,99,3895,0.9748,0.0708,0.0388,0.6667
human_ocr_ensembl,280,0,4000,16000,0.0015,clean,0.0185,0.016,10,0.0025,clean,1,4,2,70,3924,0.982,0.0975,0.0541,0.6667
human_ocr_ensembl,300,0,4000,16000,0.0015,clean,0.013,0.0112,7,0.0018,clean,1,4,2,48,3946,0.9875,0.1356,0.0769,0.6667
human_ocr_ensembl,320,0,4000,16000,0.0015,clean,0.0095,0.0075,8,0.002,clean,1,3,3,35,3959,0.9905,0.1341,0.0789,0.5
human_ocr_ensembl,340,0,4000,16000,0.0015,clean,0.0055,0.0043,5,0.0013,clean,1,3,3,19,3975,0.9945,0.2124,0.1364,0.5
human_ocr_ensembl,360,0,4000,16000,0.0015,clean,0.0022,0.0018,2,0.0005,clean,1,2,4,7,3987,0.9972,0.2653,0.2222,0.3333
human_ocr_ensembl,380,0,4000,16000,0.0015,clean,0.001,0.0008,1,0.0003,clean,1,1,5,3,3991,0.998,0.199,0.25,0.1667
human_ocr_ensembl,400,0,4000,16000,0.0015,clean,0.0003,0.0,1,0.0003,clean,1,0,6,1,3993,0.9982,-0.0004,0.0,0.0
demo_human_or_worm,20,0,5000,15000,0.0032,clean,0.754,0.6582,479,0.0958,LEAKY,0,16,0,3754,1230,0.2492,0.0021,0.0042,1.0
demo_human_or_worm,25,0,5000,15000,0.0032,clean,0.4738,0.401,364,0.0728,LEAKY,0,16,0,2353,2631,0.5294,0.0071,0.0068,1.0
demo_human_or_worm,28,1,5000,15000,0.0032,clean,0.3812,0.329,261,0.0522,LEAKY,0,16,0,1890,3094,0.622,0.0104,0.0084,1.0
demo_human_or_worm,30,0,5000,15000,0.0032,clean,0.3414,0.2976,219,0.0438,LEAKY,0,16,0,1691,3293,0.6618,0.0123,0.0094,1.0
demo_human_or_worm,35,0,5000,15000,0.0032,clean,0.292,0.2566,177,0.0354,LEAKY,0,16,0,1444,3540,0.7112,0.0154,0.011,1.0
demo_human_or_worm,40,0,5000,15000,0.0032,clean,0.2578,0.227,154,0.0308,LEAKY,0,16,0,1273,3711,0.7454,0.0183,0.0124,1.0
demo_human_or_worm,45,0,5000,15000,0.0032,clean,0.2324,0.2058,133,0.0266,LEAKY,0,16,0,1146,3838,0.7708,0.021,0.0138,1.0
demo_human_or_worm,50,0,5000,15000,0.0032,clean,0.2124,0.187,127,0.0254,LEAKY,0,16,0,1046,3938,0.7908,0.0235,0.0151,1.0
demo_human_or_worm,55,0,5000,15000,0.0032,clean,0.1954,0.1728,113,0.0226,LEAKY,0,16,0,961,4023,0.8078,0.0261,0.0164,1.0
demo_human_or_worm,60,0,5000,15000,0.0032,clean,0.1828,0.1606,111,0.0222,LEAKY,0,16,0,898,4086,0.8204,0.0283,0.0175,1.0
demo_human_or_worm,65,0,5000,15000,0.0032,clean,0.1694,0.1474,110,0.022,LEAKY,0,16,0,831,4153,0.8338,0.031,0.0189,1.0
demo_human_or_worm,70,0,5000,15000,0.0032,clean,0.156,0.1338,111,0.0222,LEAKY,0,16,0,764,4220,0.8472,0.0341,0.0205,1.0
demo_human_or_worm,75,0,5000,15000,0.0032,clean,0.1458,0.1242,108,0.0216,LEAKY,0,16,0,713,4271,0.8574,0.0369,0.0219,1.0
demo_human_or_worm,80,0,5000,15000,0.0032,clean,0.1352,0.1146,103,0.0206,LEAKY,0,16,0,660,4324,0.868,0.0402,0.0237,1.0
demo_human_or_worm,85,0,5000,15000,0.0032,clean,0.1244,0.107,87,0.0174,LEAKY,0,16,0,606,4378,0.8788,0.0442,0.0257,1.0
demo_human_or_worm,90,0,5000,15000,0.0032,clean,0.1162,0.099,86,0.0172,LEAKY,0,16,0,565,4419,0.887,0.0477,0.0275,1.0
demo_human_or_worm,95,0,5000,15000,0.0032,clean,0.1068,0.0906,81,0.0162,LEAKY,0,16,0,518,4466,0.8964,0.0523,0.03,1.0
demo_human_or_worm,100,0,5000,15000,0.0032,clean,0.0974,0.0816,79,0.0158,clean,1,16,0,471,4513,0.9058,0.0578,0.0329,1.0
demo_human_or_worm,120,0,5000,15000,0.0032,clean,0.069,0.0564,63,0.0126,clean,1,16,0,329,4655,0.9342,0.083,0.0464,1.0
demo_human_or_worm,140,0,5000,15000,0.0032,clean,0.0412,0.0282,65,0.013,clean,1,16,0,190,4794,0.962,0.139,0.0777,1.0
demo_human_or_worm,160,0,5000,15000,0.0032,clean,0.018,0.0102,39,0.0078,clean,1,15,1,75,4909,0.9848,0.2791,0.1667,0.9375
demo_human_or_worm,180,0,5000,15000,0.0032,clean,0.005,0.0024,13,0.0026,clean,1,10,6,15,4969,0.9958,0.4858,0.4,0.625
demo_human_or_worm,200,0,5000,15000,0.0032,clean,0.0002,0.0002,0,0.0,clean,1,1,15,0,4984,0.997,0.1173,1.0,0.0625
demo_human_or_worm,220,0,5000,15000,0.0032,clean,0.0,0.0,0,0.0,clean,1,0,16,0,4984,0.9968,0.0,,0.0
demo_human_or_worm,240,0,5000,15000,0.0032,clean,0.0,0.0,0,0.0,clean,1,0,16,0,4984,0.9968,0.0,,0.0
demo_human_or_worm,260,0,5000,15000,0.0032,clean,0.0,0.0,0,0.0,clean,1,0,16,0,4984,0.9968,0.0,,0.0
demo_human_or_worm,280,0,5000,15000,0.0032,clean,0.0,0.0,0,0.0,clean,1,0,16,0,4984,0.9968,0.0,,0.0
demo_human_or_worm,300,0,5000,15000,0.0032,clean,0.0,0.0,0,0.0,clean,1,0,16,0,4984,0.9968,0.0,,0.0
demo_human_or_worm,320,0,5000,15000,0.0032,clean,0.0,0.0,0,0.0,clean,1,0,16,0,4984,0.9968,0.0,,0.0
demo_human_or_worm,340,0,5000,15000,0.0032,clean,0.0,0.0,0,0.0,clean,1,0,16,0,4984,0.9968,0.0,,0.0
demo_human_or_worm,360,0,5000,15000,0.0032,clean,0.0,0.0,0,0.0,clean,1,0,16,0,4984,0.9968,0.0,,0.0
demo_human_or_worm,380,0,5000,15000,0.0032,clean,0.0,0.0,0,0.0,clean,1,0,16,0,4984,0.9968,0.0,,0.0
demo_human_or_worm,400,0,5000,15000,0.0032,clean,0.0,0.0,0,0.0,clean,1,0,16,0,4984,0.9968,0.0,,0.0
demo_coding_vs_intergenomic_seqs,20,0,5000,15000,0.0224,clean,0.663,0.5688,471,0.0942,LEAKY,0,112,0,3203,1685,0.3594,0.023,0.0338,1.0
demo_coding_vs_intergenomic_seqs,21,1,5000,15000,0.0224,clean,0.5884,0.5104,390,0.078,LEAKY,0,112,0,2830,2058,0.434,0.0316,0.0381,1.0
demo_coding_vs_intergenomic_seqs,25,0,5000,15000,0.0224,clean,0.4326,0.3932,197,0.0394,LEAKY,0,112,0,2051,2837,0.5898,0.0584,0.0518,1.0
demo_coding_vs_intergenomic_seqs,30,0,5000,15000,0.0224,clean,0.3642,0.344,101,0.0202,LEAKY,0,112,0,1709,3179,0.6582,0.0769,0.0615,1.0
demo_coding_vs_intergenomic_seqs,35,0,5000,15000,0.0224,clean,0.3368,0.3194,87,0.0174,LEAKY,0,112,0,1572,3316,0.6856,0.0863,0.0665,1.0
demo_coding_vs_intergenomic_seqs,40,0,5000,15000,0.0224,clean,0.3132,0.2996,68,0.0136,LEAKY,0,112,0,1454,3434,0.7092,0.0957,0.0715,1.0
demo_coding_vs_intergenomic_seqs,45,0,5000,15000,0.0224,clean,0.2984,0.2856,64,0.0128,LEAKY,0,112,0,1380,3508,0.724,0.1022,0.0751,1.0
demo_coding_vs_intergenomic_seqs,50,0,5000,15000,0.0224,clean,0.2846,0.2726,60,0.012,LEAKY,0,112,0,1311,3577,0.7378,0.1089,0.0787,1.0
demo_coding_vs_intergenomic_seqs,55,0,5000,15000,0.0224,clean,0.2714,0.259,62,0.0124,LEAKY,0,112,0,1245,3643,0.751,0.1159,0.0825,1.0
demo_coding_vs_intergenomic_seqs,60,0,5000,15000,0.0224,clean,0.2588,0.2472,58,0.0116,LEAKY,0,112,0,1182,3706,0.7636,0.1232,0.0866,1.0
demo_coding_vs_intergenomic_seqs,65,0,5000,15000,0.0224,clean,0.2474,0.2348,63,0.0126,LEAKY,0,112,0,1125,3763,0.775,0.1303,0.0905,1.0
demo_coding_vs_intergenomic_seqs,70,0,5000,15000,0.0224,clean,0.2348,0.223,59,0.0118,LEAKY,0,112,0,1062,3826,0.7876,0.139,0.0954,1.0
demo_coding_vs_intergenomic_seqs,75,0,5000,15000,0.0224,clean,0.2212,0.211,51,0.0102,LEAKY,0,112,0,994,3894,0.8012,0.1493,0.1013,1.0
demo_coding_vs_intergenomic_seqs,80,0,5000,15000,0.0224,clean,0.21,0.2008,46,0.0092,LEAKY,0,112,0,938,3950,0.8124,0.1587,0.1067,1.0
demo_coding_vs_intergenomic_seqs,85,0,5000,15000,0.0224,clean,0.2002,0.191,46,0.0092,LEAKY,0,112,0,889,3999,0.8222,0.1677,0.1119,1.0
demo_coding_vs_intergenomic_seqs,90,0,5000,15000,0.0224,clean,0.1896,0.1812,42,0.0084,LEAKY,0,112,0,836,4052,0.8328,0.1784,0.1181,1.0
demo_coding_vs_intergenomic_seqs,95,0,5000,15000,0.0224,clean,0.1788,0.1706,41,0.0082,LEAKY,0,112,0,782,4106,0.8436,0.1904,0.1253,1.0
demo_coding_vs_intergenomic_seqs,100,0,5000,15000,0.0224,clean,0.169,0.16,45,0.009,LEAKY,0,112,0,733,4155,0.8534,0.2025,0.1325,1.0
demo_coding_vs_intergenomic_seqs,120,0,5000,15000,0.0224,clean,0.124,0.1174,33,0.0066,LEAKY,0,112,0,508,4380,0.8984,0.2786,0.1806,1.0
demo_coding_vs_intergenomic_seqs,140,0,5000,15000,0.0224,clean,0.0834,0.0772,31,0.0062,clean,1,112,0,305,4583,0.939,0.4023,0.2686,1.0
demo_coding_vs_intergenomic_seqs,160,0,5000,15000,0.0224,clean,0.0468,0.0426,21,0.0042,clean,1,112,0,122,4766,0.9756,0.6364,0.4786,1.0
demo_coding_vs_intergenomic_seqs,180,0,5000,15000,0.0224,clean,0.018,0.017,5,0.001,clean,1,75,37,15,4873,0.9896,0.7373,0.8333,0.6696
demo_coding_vs_intergenomic_seqs,200,0,5000,15000,0.0224,clean,0.0004,0.0004,0,0.0,clean,1,2,110,0,4888,0.978,0.0343,1.0,0.0179
demo_coding_vs_intergenomic_seqs,220,0,5000,15000,0.0224,clean,0.0,0.0,0,0.0,clean,1,0,112,0,4888,0.9776,0.0,,0.0
demo_coding_vs_intergenomic_seqs,240,0,5000,15000,0.0224,clean,0.0,0.0,0,0.0,clean,1,0,112,0,4888,0.9776,0.0,,0.0
demo_coding_vs_intergenomic_seqs,260,0,5000,15000,0.0224,clean,0.0,0.0,0,0.0,clean,1,0,112,0,4888,0.9776,0.0,,0.0
demo_coding_vs_intergenomic_seqs,280,0,5000,15000,0.0224,clean,0.0,0.0,0,0.0,clean,1,0,112,0,4888,0.9776,0.0,,0.0
demo_coding_vs_intergenomic_seqs,300,0,5000,15000,0.0224,clean,0.0,0.0,0,0.0,clean,1,0,112,0,4888,0.9776,0.0,,0.0
demo_coding_vs_intergenomic_seqs,320,0,5000,15000,0.0224,clean,0.0,0.0,0,0.0,clean,1,0,112,0,4888,0.9776,0.0,,0.0
demo_coding_vs_intergenomic_seqs,340,0,5000,15000,0.0224,clean,0.0,0.0,0,0.0,clean,1,0,112,0,4888,0.9776,0.0,,0.0
demo_coding_vs_intergenomic_seqs,360,0,5000,15000,0.0224,clean,0.0,0.0,0,0.0,clean,1,0,112,0,4888,0.9776,0.0,,0.0
demo_coding_vs_intergenomic_seqs,380,0,5000,15000,0.0224,clean,0.0,0.0,0,0.0,clean,1,0,112,0,4888,0.9776,0.0,,0.0
demo_coding_vs_intergenomic_seqs,400,0,5000,15000,0.0224,clean,0.0,0.0,0,0.0,clean,1,0,112,0,4888,0.9776,0.0,,0.0
drosophila_enhancers_stark,20,0,1730,5184,0.0156,clean,0.9977,0.9936,7,0.004,LEAKY,0,27,0,1699,4,0.0179,0.0001,0.0156,1.0
drosophila_enhancers_stark,25,0,1730,5184,0.0156,clean,0.9757,0.959,29,0.0168,LEAKY,0,27,0,1661,42,0.0399,0.0008,0.016,1.0
drosophila_enhancers_stark,30,1,1730,5184,0.0156,clean,0.8636,0.8029,105,0.0607,LEAKY,0,27,0,1467,236,0.152,0.005,0.0181,1.0
drosophila_enhancers_stark,35,0,1730,5184,0.0156,clean,0.674,0.6052,119,0.0688,LEAKY,0,27,0,1139,564,0.3416,0.0152,0.0232,1.0
drosophila_enhancers_stark,40,0,1730,5184,0.0156,clean,0.5353,0.4896,79,0.0457,LEAKY,0,27,0,899,804,0.4803,0.0272,0.0292,1.0
drosophila_enhancers_stark,45,0,1730,5184,0.0156,clean,0.4555,0.4277,48,0.0277,LEAKY,0,27,0,761,942,0.5601,0.0372,0.0343,1.0
drosophila_enhancers_stark,50,0,1730,5184,0.0156,clean,0.4237,0.4069,29,0.0168,LEAKY,0,27,0,706,997,0.5919,0.0422,0.0368,1.0
drosophila_enhancers_stark,55,0,1730,5184,0.0156,clean,0.404,0.3948,16,0.0092,LEAKY,0,27,0,672,1031,0.6116,0.0457,0.0386,1.0
drosophila_enhancers_stark,60,0,1730,5184,0.0156,clean,0.3965,0.3873,16,0.0092,LEAKY,0,27,0,659,1044,0.6191,0.0471,0.0394,1.0
drosophila_enhancers_stark,65,0,1730,5184,0.0156,clean,0.3873,0.3809,11,0.0064,LEAKY,0,27,0,643,1060,0.6283,0.0489,0.0403,1.0
drosophila_enhancers_stark,70,0,1730,5184,0.0156,clean,0.3827,0.3769,10,0.0058,LEAKY,0,27,0,635,1068,0.6329,0.0499,0.0408,1.0
drosophila_enhancers_stark,75,0,1730,5184,0.0156,clean,0.3821,0.3757,11,0.0064,LEAKY,0,27,0,634,1069,0.6335,0.05,0.0408,1.0
drosophila_enhancers_stark,80,0,1730,5184,0.0156,clean,0.3803,0.3746,10,0.0058,LEAKY,0,27,0,631,1072,0.6353,0.0504,0.041,1.0
drosophila_enhancers_stark,85,0,1730,5184,0.0156,clean,0.3775,0.3723,9,0.0052,LEAKY,0,27,0,626,1077,0.6382,0.051,0.0413,1.0
drosophila_enhancers_stark,90,0,1730,5184,0.0156,clean,0.3746,0.3694,9,0.0052,LEAKY,0,27,0,621,1082,0.641,0.0516,0.0417,1.0
drosophila_enhancers_stark,95,0,1730,5184,0.0156,clean,0.3711,0.3665,8,0.0046,LEAKY,0,27,0,615,1088,0.6445,0.0523,0.0421,1.0
drosophila_enhancers_stark,100,0,1730,5184,0.0156,clean,0.3699,0.3653,8,0.0046,LEAKY,0,27,0,613,1090,0.6457,0.0526,0.0422,1.0
drosophila_enhancers_stark,120,0,1730,5184,0.0156,clean,0.3676,0.3624,9,0.0052,LEAKY,0,27,0,609,1094,0.648,0.0531,0.0425,1.0
drosophila_enhancers_stark,140,0,1730,5184,0.0156,clean,0.3647,0.3561,15,0.0087,LEAKY,0,27,0,604,1099,0.6509,0.0537,0.0428,1.0
drosophila_enhancers_stark,160,0,1730,5184,0.0156,clean,0.3607,0.3526,14,0.0081,LEAKY,0,27,0,597,1106,0.6549,0.0547,0.0433,1.0
drosophila_enhancers_stark,180,0,1730,5184,0.0156,clean,0.3566,0.348,15,0.0087,LEAKY,0,27,0,590,1113,0.659,0.0556,0.0438,1.0
drosophila_enhancers_stark,200,0,1730,5184,0.0156,clean,0.3509,0.3434,13,0.0075,LEAKY,0,27,0,580,1123,0.6647,0.057,0.0445,1.0
drosophila_enhancers_stark,220,0,1730,5184,0.0156,clean,0.3486,0.341,13,0.0075,LEAKY,0,27,0,576,1127,0.6671,0.0576,0.0448,1.0
drosophila_enhancers_stark,240,0,1730,5184,0.0156,clean,0.3468,0.3382,15,0.0087,LEAKY,0,27,0,573,1130,0.6688,0.058,0.045,1.0
drosophila_enhancers_stark,260,0,1730,5184,0.0156,clean,0.3451,0.3364,15,0.0087,LEAKY,0,27,0,570,1133,0.6705,0.0584,0.0452,1.0
drosophila_enhancers_stark,280,0,1730,5184,0.0156,clean,0.341,0.3329,14,0.0081,LEAKY,0,27,0,563,1140,0.6746,0.0594,0.0458,1.0
drosophila_enhancers_stark,300,0,1730,5184,0.0156,clean,0.3364,0.3272,16,0.0092,LEAKY,0,27,0,555,1148,0.6792,0.0606,0.0464,1.0
drosophila_enhancers_stark,320,0,1730,5184,0.0156,clean,0.3306,0.3208,17,0.0098,LEAKY,0,27,0,545,1158,0.685,0.0622,0.0472,1.0
drosophila_enhancers_stark,340,0,1730,5184,0.0156,clean,0.3197,0.3075,21,0.0121,LEAKY,0,27,0,526,1177,0.696,0.0653,0.0488,1.0
drosophila_enhancers_stark,360,0,1730,5184,0.0156,clean,0.3035,0.2896,24,0.0139,LEAKY,0,27,0,498,1205,0.7121,0.0702,0.0514,1.0
drosophila_enhancers_stark,380,0,1730,5184,0.0156,clean,0.2838,0.2705,23,0.0133,LEAKY,0,27,0,464,1239,0.7318,0.0769,0.055,1.0
drosophila_enhancers_stark,400,0,1730,5184,0.0156,clean,0.2671,0.2526,25,0.0145,LEAKY,0,27,0,435,1268,0.7486,0.0834,0.0584,1.0
human_ensembl_regulatory,20,0,3993,16007,0.0,clean,0.9221,0.838,336,0.0841,LEAKY,0,0,0,3682,311,0.0779,0.0,0.0,
human_ensembl_regulatory,25,0,3993,16007,0.0,clean,0.6103,0.5342,304,0.0761,LEAKY,0,0,0,2437,1556,0.3897,0.0,0.0,
human_ensembl_regulatory,28,1,3993,16007,0.0,clean,0.5001,0.4453,219,0.0548,LEAKY,0,0,0,1997,1996,0.4999,0.0,0.0,
human_ensembl_regulatory,30,0,3993,16007,0.0,clean,0.4518,0.4075,177,0.0443,LEAKY,0,0,0,1804,2189,0.5482,0.0,0.0,
human_ensembl_regulatory,35,0,3993,16007,0.0,clean,0.3839,0.3531,123,0.0308,LEAKY,0,0,0,1533,2460,0.6161,0.0,0.0,
human_ensembl_regulatory,40,0,3993,16007,0.0,clean,0.3459,0.3181,111,0.0278,LEAKY,0,0,0,1381,2612,0.6541,0.0,0.0,
human_ensembl_regulatory,45,0,3993,16007,0.0,clean,0.3198,0.2948,100,0.025,LEAKY,0,0,0,1277,2716,0.6802,0.0,0.0,
human_ensembl_regulatory,50,0,3993,16007,0.0,clean,0.2978,0.2757,88,0.022,LEAKY,0,0,0,1189,2804,0.7022,0.0,0.0,
human_ensembl_regulatory,55,0,3993,16007,0.0,clean,0.281,0.2597,85,0.0213,LEAKY,0,0,0,1122,2871,0.719,0.0,0.0,
human_ensembl_regulatory,60,0,3993,16007,0.0,clean,0.2652,0.2442,84,0.021,LEAKY,0,0,0,1059,2934,0.7348,0.0,0.0,
human_ensembl_regulatory,65,0,3993,16007,0.0,clean,0.2467,0.2274,77,0.0193,LEAKY,0,0,0,985,3008,0.7533,0.0,0.0,
human_ensembl_regulatory,70,0,3993,16007,0.0,clean,0.2332,0.2136,78,0.0195,LEAKY,0,0,0,931,3062,0.7668,0.0,0.0,
human_ensembl_regulatory,75,0,3993,16007,0.0,clean,0.2189,0.2004,74,0.0185,LEAKY,0,0,0,874,3119,0.7811,0.0,0.0,
human_ensembl_regulatory,80,0,3993,16007,0.0,clean,0.2051,0.1881,68,0.017,LEAKY,0,0,0,819,3174,0.7949,0.0,0.0,
human_ensembl_regulatory,85,0,3993,16007,0.0,clean,0.1958,0.1798,64,0.016,LEAKY,0,0,0,782,3211,0.8042,0.0,0.0,
human_ensembl_regulatory,90,0,3993,16007,0.0,clean,0.1871,0.169,72,0.018,LEAKY,0,0,0,747,3246,0.8129,0.0,0.0,
human_ensembl_regulatory,95,0,3993,16007,0.0,clean,0.1756,0.158,70,0.0175,LEAKY,0,0,0,701,3292,0.8244,0.0,0.0,
human_ensembl_regulatory,100,0,3993,16007,0.0,clean,0.1653,0.1495,63,0.0158,LEAKY,0,0,0,660,3333,0.8347,0.0,0.0,
human_ensembl_regulatory,120,0,3993,16007,0.0,clean,0.1335,0.12,54,0.0135,LEAKY,0,0,0,533,3460,0.8665,0.0,0.0,
human_ensembl_regulatory,140,0,3993,16007,0.0,clean,0.1054,0.0957,39,0.0098,LEAKY,0,0,0,421,3572,0.8946,0.0,0.0,
human_ensembl_regulatory,160,0,3993,16007,0.0,clean,0.0869,0.0784,34,0.0085,clean,1,0,0,347,3646,0.9131,0.0,0.0,
human_ensembl_regulatory,180,0,3993,16007,0.0,clean,0.0661,0.0581,32,0.008,clean,1,0,0,264,3729,0.9339,0.0,0.0,
human_ensembl_regulatory,200,0,3993,16007,0.0,clean,0.0538,0.0468,28,0.007,clean,1,0,0,215,3778,0.9462,0.0,0.0,
human_ensembl_regulatory,220,0,3993,16007,0.0,clean,0.0386,0.0333,21,0.0053,clean,1,0,0,154,3839,0.9614,0.0,0.0,
human_ensembl_regulatory,240,0,3993,16007,0.0,clean,0.0228,0.018,19,0.0048,clean,1,0,0,91,3902,0.9772,0.0,0.0,
human_ensembl_regulatory,260,0,3993,16007,0.0,clean,0.0175,0.0138,15,0.0038,clean,1,0,0,70,3923,0.9825,0.0,0.0,
human_ensembl_regulatory,280,0,3993,16007,0.0,clean,0.0133,0.0098,14,0.0035,clean,1,0,0,53,3940,0.9867,0.0,0.0,
human_ensembl_regulatory,300,0,3993,16007,0.0,clean,0.0115,0.0088,11,0.0028,clean,1,0,0,46,3947,0.9885,0.0,0.0,
human_ensembl_regulatory,320,0,3993,16007,0.0,clean,0.0105,0.0075,12,0.003,clean,1,0,0,42,3951,0.9895,0.0,0.0,
human_ensembl_regulatory,340,0,3993,16007,0.0,clean,0.008,0.0053,11,0.0028,clean,1,0,0,32,3961,0.992,0.0,0.0,
human_ensembl_regulatory,360,0,3993,16007,0.0,clean,0.0058,0.0035,9,0.0023,clean,1,0,0,23,3970,0.9942,0.0,0.0,
human_ensembl_regulatory,380,0,3993,16007,0.0,clean,0.0053,0.003,9,0.0023,clean,1,0,0,21,3972,0.9947,0.0,0.0,
human_ensembl_regulatory,400,0,3993,16007,0.0,clean,0.0043,0.0028,6,0.0015,clean,1,0,0,17,3976,0.9957,0.0,0.0,
