dataset,model,k,original_accuracy,random_accuracy_mean,homology_accuracy_mean,homology_accuracy_std,delta_accuracy_homology,delta_accuracy_random,original_auroc,random_auroc_mean,homology_auroc_mean,homology_auroc_std,delta_auroc_homology,delta_auroc_random,original_f1,random_f1_mean,homology_f1_mean,homology_f1_std,delta_f1_homology,delta_f1_random
human_nontata_promoters,LR,4,0.8234,0.8196,0.8191,0.0046,0.0044,0.0038,0.8942,0.8928,0.8934,0.0032,0.0009,0.0015,0.8289,0.8236,0.8244,0.0037,0.0045,0.0053
human_nontata_promoters,LR,6,0.8618,0.8558,0.8345,0.0057,0.0273,0.0061,0.9269,0.9269,0.9085,0.0016,0.0184,-0.0,0.8656,0.8585,0.8424,0.0044,0.0232,0.0072
human_nontata_promoters,RF,4,0.8604,0.8602,0.8239,0.0067,0.0365,0.0003,0.9574,0.961,0.9015,0.0031,0.0558,-0.0037,0.8601,0.8584,0.8299,0.0051,0.0301,0.0017
human_nontata_promoters,RF,6,0.8936,0.8952,0.8347,0.0073,0.059,-0.0015,0.9782,0.98,0.9257,0.0031,0.0525,-0.0018,0.8961,0.8971,0.8487,0.0055,0.0475,-0.0009
human_enhancers_cohn,LR,4,0.731,0.73,0.7341,0.0058,-0.0031,0.001,0.8086,0.8087,0.8132,0.0047,-0.0046,-0.0002,0.7277,0.7251,0.7295,0.0055,-0.0018,0.0026
human_enhancers_cohn,LR,6,0.7362,0.7331,0.7405,0.0023,-0.0043,0.0031,0.8103,0.8114,0.8168,0.0018,-0.0065,-0.0011,0.7321,0.7274,0.7364,0.0033,-0.0043,0.0047
human_enhancers_cohn,RF,4,0.7012,0.7043,0.7122,0.0039,-0.011,-0.0031,0.7836,0.783,0.7881,0.004,-0.0045,0.0006,0.6995,0.7009,0.71,0.0048,-0.0105,-0.0014
human_enhancers_cohn,RF,6,0.6934,0.6931,0.6988,0.0016,-0.0054,0.0003,0.7728,0.7686,0.774,0.0021,-0.0012,0.0042,0.6866,0.6851,0.6925,0.0016,-0.006,0.0015
human_enhancers_ensembl,LR,4,0.7258,0.7165,0.7262,0.0102,-0.0004,0.0093,0.7912,0.7853,0.7942,0.0121,-0.0029,0.0059,0.7299,0.7181,0.7285,0.0107,0.0013,0.0117
human_enhancers_ensembl,LR,6,0.7605,0.752,0.7496,0.01,0.0109,0.0085,0.8403,0.8298,0.8311,0.0096,0.0092,0.0105,0.7644,0.7546,0.7512,0.0097,0.0132,0.0098
human_enhancers_ensembl,RF,4,0.7167,0.7063,0.7037,0.0123,0.013,0.0104,0.7934,0.7806,0.7693,0.0117,0.0241,0.0128,0.7199,0.7093,0.7042,0.0118,0.0157,0.0106
human_enhancers_ensembl,RF,6,0.7338,0.7211,0.7137,0.0096,0.0201,0.0127,0.8072,0.7963,0.7818,0.0138,0.0255,0.0109,0.7398,0.7234,0.7138,0.0089,0.026,0.0164
human_ocr_ensembl,LR,4,0.6495,0.6492,0.6484,0.006,0.0011,0.0002,0.7029,0.7033,0.7025,0.0039,0.0004,-0.0003,0.6477,0.6482,0.6476,0.0066,0.0001,-0.0005
human_ocr_ensembl,LR,6,0.677,0.6762,0.6732,0.0015,0.0038,0.0008,0.7473,0.7477,0.7423,0.0009,0.005,-0.0004,0.6807,0.6769,0.6763,0.0013,0.0043,0.0037
human_ocr_ensembl,RF,4,0.6645,0.6562,0.646,0.0064,0.0185,0.0083,0.7182,0.717,0.7036,0.0078,0.0146,0.0012,0.6847,0.6734,0.6658,0.0074,0.0188,0.0113
human_ocr_ensembl,RF,6,0.654,0.654,0.6439,0.0059,0.0101,0.0,0.7112,0.7108,0.7049,0.0065,0.0063,0.0004,0.6709,0.6742,0.6628,0.0075,0.0081,-0.0033
demo_human_or_worm,LR,4,0.9278,0.9375,0.9369,0.0015,-0.0091,-0.0097,0.9795,0.9832,0.9823,0.0004,-0.0029,-0.0037,0.9273,0.9369,0.9364,0.0014,-0.0091,-0.0095
demo_human_or_worm,LR,6,0.9374,0.9435,0.9414,0.0004,-0.004,-0.0061,0.984,0.9869,0.9862,0.0006,-0.0022,-0.0029,0.9365,0.9429,0.9406,0.0005,-0.0041,-0.0063
demo_human_or_worm,RF,4,0.931,0.9355,0.9366,0.0019,-0.0056,-0.0045,0.982,0.9838,0.9837,0.0004,-0.0017,-0.0018,0.9315,0.936,0.937,0.0021,-0.0055,-0.0045
demo_human_or_worm,RF,6,0.918,0.9198,0.9227,0.0015,-0.0047,-0.0018,0.9738,0.9764,0.9768,0.0008,-0.003,-0.0026,0.9189,0.9211,0.9241,0.0012,-0.0052,-0.0022
demo_coding_vs_intergenomic_seqs,LR,4,0.8836,0.8847,0.8827,0.0035,0.0009,-0.0011,0.9537,0.9529,0.954,0.0026,-0.0003,0.0008,0.8852,0.8858,0.8838,0.0035,0.0014,-0.0007
demo_coding_vs_intergenomic_seqs,LR,6,0.8878,0.8905,0.8907,0.0068,-0.0029,-0.0027,0.9576,0.9589,0.9596,0.0026,-0.002,-0.0013,0.8884,0.8905,0.8911,0.0068,-0.0028,-0.0022
demo_coding_vs_intergenomic_seqs,RF,4,0.859,0.8583,0.8598,0.0066,-0.0008,0.0007,0.9359,0.9379,0.9367,0.0041,-0.0008,-0.0019,0.8633,0.8618,0.8637,0.0064,-0.0003,0.0016
demo_coding_vs_intergenomic_seqs,RF,6,0.8406,0.8454,0.8428,0.0041,-0.0022,-0.0048,0.9273,0.9295,0.928,0.0033,-0.0007,-0.0022,0.8451,0.849,0.8471,0.0043,-0.002,-0.0039
drosophila_enhancers_stark,LR,4,0.7006,0.6832,0.6852,0.0053,0.0154,0.0173,0.7614,0.7285,0.7416,0.0099,0.0199,0.033,0.7144,0.7019,0.7018,0.0048,0.0126,0.0126
drosophila_enhancers_stark,LR,6,0.7179,0.6934,0.7061,0.009,0.0118,0.0245,0.7869,0.7511,0.7621,0.011,0.0249,0.0358,0.731,0.7102,0.7226,0.0072,0.0084,0.0208
drosophila_enhancers_stark,RF,4,0.6879,0.6769,0.6828,0.0066,0.005,0.011,0.7546,0.7271,0.7356,0.0083,0.019,0.0275,0.7103,0.7029,0.7088,0.0054,0.0015,0.0074
drosophila_enhancers_stark,RF,6,0.7081,0.6746,0.685,0.003,0.0231,0.0335,0.7568,0.7136,0.7253,0.0039,0.0315,0.0432,0.7315,0.7004,0.7126,0.0035,0.019,0.0312
dummy_mouse_enhancers_ensembl,LR,4,0.7769,0.7534,0.7961,0.014,-0.0193,0.0234,0.8827,0.857,0.8832,0.0115,-0.0005,0.0256,0.7692,0.7654,0.8058,0.013,-0.0365,0.0039
dummy_mouse_enhancers_ensembl,LR,6,0.7562,0.7617,0.8017,0.0264,-0.0455,-0.0055,0.8757,0.8575,0.8827,0.0139,-0.007,0.0182,0.7424,0.7684,0.8041,0.0241,-0.0617,-0.026
dummy_mouse_enhancers_ensembl,RF,4,0.7851,0.7507,0.7893,0.0205,-0.0041,0.0344,0.8694,0.848,0.8798,0.0143,-0.0104,0.0215,0.7851,0.7645,0.7965,0.0175,-0.0114,0.0207
dummy_mouse_enhancers_ensembl,RF,6,0.7686,0.73,0.7713,0.0186,-0.0028,0.0386,0.8521,0.8291,0.8546,0.018,-0.0026,0.0229,0.7705,0.7536,0.7832,0.0178,-0.0127,0.0169
human_ensembl_regulatory,LR,4,0.584,0.5899,0.5954,0.003,-0.0114,-0.0059,0.7774,0.7812,0.7857,0.0024,-0.0083,-0.0039,0.5791,0.5873,0.5908,0.0034,-0.0118,-0.0083
human_ensembl_regulatory,LR,6,0.5908,0.6123,0.6089,0.0064,-0.0181,-0.0216,0.7897,0.7971,0.8004,0.0024,-0.0108,-0.0074,0.593,0.6143,0.6108,0.0067,-0.0177,-0.0212
human_ensembl_regulatory,RF,4,0.6639,0.6725,0.6738,0.0077,-0.0098,-0.0086,0.8405,0.8434,0.8438,0.0037,-0.0033,-0.0029,0.6669,0.6754,0.6767,0.0073,-0.0098,-0.0085
human_ensembl_regulatory,RF,6,0.5785,0.5831,0.5833,0.0046,-0.0048,-0.0046,0.7839,0.7846,0.7863,0.0039,-0.0023,-0.0007,0.567,0.571,0.5725,0.0055,-0.0055,-0.0039
