dataset,threshold,model,k,leakage_fraction,corrected_acc_mean,corrected_acc_std,delta_acc
human_nontata_promoters,0.5,LR,4,0.4035,0.8158,0.0114,0.0076
human_nontata_promoters,0.5,LR,6,0.4035,0.8127,0.0106,0.0491
human_nontata_promoters,0.5,RF,4,0.4035,0.7972,0.008,0.0633
human_nontata_promoters,0.5,RF,6,0.4035,0.7677,0.0125,0.126
human_nontata_promoters,0.7,LR,4,0.3197,0.8191,0.0046,0.0044
human_nontata_promoters,0.7,LR,6,0.3197,0.8345,0.0057,0.0273
human_nontata_promoters,0.7,RF,4,0.3197,0.8239,0.0067,0.0365
human_nontata_promoters,0.7,RF,6,0.3197,0.8347,0.0073,0.059
human_nontata_promoters,0.9,LR,4,0.1428,0.823,0.0035,0.0005
human_nontata_promoters,0.9,LR,6,0.1428,0.8538,0.0008,0.0081
human_nontata_promoters,0.9,RF,4,0.1428,0.8488,0.0027,0.0116
human_nontata_promoters,0.9,RF,6,0.1428,0.8807,0.0027,0.0129
human_enhancers_cohn,0.5,LR,4,0.0068,0.738,0.0042,-0.007
human_enhancers_cohn,0.5,LR,6,0.0068,0.7417,0.002,-0.0055
human_enhancers_cohn,0.5,RF,4,0.0068,0.7127,0.0044,-0.0115
human_enhancers_cohn,0.5,RF,6,0.0068,0.701,0.003,-0.0076
human_enhancers_cohn,0.7,LR,4,0.0012,0.7341,0.0058,-0.0031
human_enhancers_cohn,0.7,LR,6,0.0012,0.7405,0.0023,-0.0043
human_enhancers_cohn,0.7,RF,4,0.0012,0.7122,0.0039,-0.011
human_enhancers_cohn,0.7,RF,6,0.0012,0.6988,0.0016,-0.0054
human_enhancers_cohn,0.9,LR,4,0.0004,0.7343,0.0061,-0.0033
human_enhancers_cohn,0.9,LR,6,0.0004,0.7389,0.0044,-0.0027
human_enhancers_cohn,0.9,RF,4,0.0004,0.7099,0.0061,-0.0087
human_enhancers_cohn,0.9,RF,6,0.0004,0.6954,0.0028,-0.002
human_enhancers_ensembl,0.5,LR,4,0.0607,0.7155,0.0049,0.0103
human_enhancers_ensembl,0.5,LR,6,0.0607,0.7529,0.007,0.0076
human_enhancers_ensembl,0.5,RF,4,0.0607,0.6938,0.0029,0.0229
human_enhancers_ensembl,0.5,RF,6,0.0607,0.7077,0.0034,0.026
human_enhancers_ensembl,0.7,LR,4,0.056,0.7262,0.0102,-0.0004
human_enhancers_ensembl,0.7,LR,6,0.056,0.7496,0.01,0.0109
human_enhancers_ensembl,0.7,RF,4,0.056,0.7037,0.0123,0.013
human_enhancers_ensembl,0.7,RF,6,0.056,0.7137,0.0096,0.0201
human_enhancers_ensembl,0.9,LR,4,0.054,0.7179,0.011,0.0078
human_enhancers_ensembl,0.9,LR,6,0.054,0.7498,0.0086,0.0107
human_enhancers_ensembl,0.9,RF,4,0.054,0.701,0.0094,0.0157
human_enhancers_ensembl,0.9,RF,6,0.054,0.7147,0.0116,0.0191
human_ocr_ensembl,0.5,LR,4,0.015,0.6558,0.006,-0.0063
human_ocr_ensembl,0.5,LR,6,0.015,0.6837,0.0056,-0.0067
human_ocr_ensembl,0.5,RF,4,0.015,0.6508,0.0043,0.0137
human_ocr_ensembl,0.5,RF,6,0.015,0.6567,0.0006,-0.0027
human_ocr_ensembl,0.7,LR,4,0.0015,0.6484,0.006,0.0011
human_ocr_ensembl,0.7,LR,6,0.0015,0.6732,0.0015,0.0038
human_ocr_ensembl,0.7,RF,4,0.0015,0.646,0.0064,0.0185
human_ocr_ensembl,0.7,RF,6,0.0015,0.6439,0.0059,0.0101
human_ocr_ensembl,0.9,LR,4,0.0,0.6536,0.0031,-0.0041
human_ocr_ensembl,0.9,LR,6,0.0,0.6754,0.0084,0.0016
human_ocr_ensembl,0.9,RF,4,0.0,0.6516,0.0081,0.0129
human_ocr_ensembl,0.9,RF,6,0.0,0.6463,0.0048,0.0077
demo_human_or_worm,0.5,LR,4,0.0098,0.9354,0.0023,-0.0076
demo_human_or_worm,0.5,LR,6,0.0098,0.9391,0.0005,-0.0017
demo_human_or_worm,0.5,RF,4,0.0098,0.9335,0.0008,-0.0025
demo_human_or_worm,0.5,RF,6,0.0098,0.918,0.0004,0.0
demo_human_or_worm,0.7,LR,4,0.0032,0.9369,0.0015,-0.0091
demo_human_or_worm,0.7,LR,6,0.0032,0.9414,0.0004,-0.004
demo_human_or_worm,0.7,RF,4,0.0032,0.9366,0.0019,-0.0056
demo_human_or_worm,0.7,RF,6,0.0032,0.9227,0.0015,-0.0047
demo_human_or_worm,0.9,LR,4,0.0012,0.9325,0.0026,-0.0047
demo_human_or_worm,0.9,LR,6,0.0012,0.9427,0.0015,-0.0053
demo_human_or_worm,0.9,RF,4,0.0012,0.9361,0.0022,-0.0051
demo_human_or_worm,0.9,RF,6,0.0012,0.9219,0.0016,-0.0039
demo_coding_vs_intergenomic_seqs,0.5,LR,4,0.0486,0.8848,0.0018,-0.0012
demo_coding_vs_intergenomic_seqs,0.5,LR,6,0.0486,0.8939,0.0029,-0.0061
demo_coding_vs_intergenomic_seqs,0.5,RF,4,0.0486,0.8646,0.0023,-0.0056
demo_coding_vs_intergenomic_seqs,0.5,RF,6,0.0486,0.847,0.0042,-0.0064
demo_coding_vs_intergenomic_seqs,0.7,LR,4,0.0224,0.8827,0.0035,0.0009
demo_coding_vs_intergenomic_seqs,0.7,LR,6,0.0224,0.8907,0.0068,-0.0029
demo_coding_vs_intergenomic_seqs,0.7,RF,4,0.0224,0.8598,0.0066,-0.0008
demo_coding_vs_intergenomic_seqs,0.7,RF,6,0.0224,0.8428,0.0041,-0.0022
demo_coding_vs_intergenomic_seqs,0.9,LR,4,0.0064,0.8768,0.0056,0.0068
demo_coding_vs_intergenomic_seqs,0.9,LR,6,0.0064,0.8891,0.002,-0.0013
demo_coding_vs_intergenomic_seqs,0.9,RF,4,0.0064,0.853,0.0052,0.006
demo_coding_vs_intergenomic_seqs,0.9,RF,6,0.0064,0.8392,0.0075,0.0014
drosophila_enhancers_stark,0.5,LR,4,0.0283,0.6899,0.0162,0.0107
drosophila_enhancers_stark,0.5,LR,6,0.0283,0.7018,0.008,0.0161
drosophila_enhancers_stark,0.5,RF,4,0.0283,0.6793,0.0214,0.0085
drosophila_enhancers_stark,0.5,RF,6,0.0283,0.6672,0.0098,0.0409
drosophila_enhancers_stark,0.7,LR,4,0.0156,0.6852,0.0053,0.0154
drosophila_enhancers_stark,0.7,LR,6,0.0156,0.7061,0.009,0.0118
drosophila_enhancers_stark,0.7,RF,4,0.0156,0.6828,0.0066,0.005
drosophila_enhancers_stark,0.7,RF,6,0.0156,0.685,0.003,0.0231
drosophila_enhancers_stark,0.9,LR,4,0.0058,0.673,0.0033,0.0276
drosophila_enhancers_stark,0.9,LR,6,0.0058,0.7011,0.0057,0.0168
drosophila_enhancers_stark,0.9,RF,4,0.0058,0.6736,0.004,0.0143
drosophila_enhancers_stark,0.9,RF,6,0.0058,0.6647,0.0026,0.0434
dummy_mouse_enhancers_ensembl,0.5,LR,4,0.0,0.8017,0.0179,-0.0248
dummy_mouse_enhancers_ensembl,0.5,LR,6,0.0,0.7934,0.0255,-0.0372
dummy_mouse_enhancers_ensembl,0.5,RF,4,0.0,0.7851,0.0,0.0
dummy_mouse_enhancers_ensembl,0.5,RF,6,0.0,0.7672,0.0192,0.0014
dummy_mouse_enhancers_ensembl,0.7,LR,4,0.0,0.7961,0.014,-0.0193
dummy_mouse_enhancers_ensembl,0.7,LR,6,0.0,0.8017,0.0264,-0.0455
dummy_mouse_enhancers_ensembl,0.7,RF,4,0.0,0.7893,0.0205,-0.0041
dummy_mouse_enhancers_ensembl,0.7,RF,6,0.0,0.7713,0.0186,-0.0028
dummy_mouse_enhancers_ensembl,0.9,LR,4,0.0,0.7961,0.014,-0.0193
dummy_mouse_enhancers_ensembl,0.9,LR,6,0.0,0.8017,0.0264,-0.0455
dummy_mouse_enhancers_ensembl,0.9,RF,4,0.0,0.7893,0.0205,-0.0041
dummy_mouse_enhancers_ensembl,0.9,RF,6,0.0,0.7713,0.0186,-0.0028
human_ensembl_regulatory,0.5,LR,4,0.006,0.5922,0.0075,-0.0082
human_ensembl_regulatory,0.5,LR,6,0.006,0.6128,0.0057,-0.0221
human_ensembl_regulatory,0.5,RF,4,0.006,0.6708,0.0071,-0.0068
human_ensembl_regulatory,0.5,RF,6,0.006,0.5894,0.007,-0.0109
human_ensembl_regulatory,0.7,LR,4,0.0,0.5954,0.003,-0.0114
human_ensembl_regulatory,0.7,LR,6,0.0,0.6089,0.0064,-0.0181
human_ensembl_regulatory,0.7,RF,4,0.0,0.6738,0.0077,-0.0098
human_ensembl_regulatory,0.7,RF,6,0.0,0.5833,0.0046,-0.0048
human_ensembl_regulatory,0.9,LR,4,0.0,0.5942,0.0046,-0.0102
human_ensembl_regulatory,0.9,LR,6,0.0,0.6049,0.0058,-0.0141
human_ensembl_regulatory,0.9,RF,4,0.0,0.6696,0.0047,-0.0057
human_ensembl_regulatory,0.9,RF,6,0.0,0.5899,0.0039,-0.0114
